subclass,label,jefferson_status,group,first_year,total,nonzero_years,inflection_year,growth_rate_k,growth_width_yrs,sigmoid_r2,c_norm_at_t0,nearest_event_yr,nearest_event_dist,nearest_event_desc,reliable
AC,General Collections,RENAMED,A-Class,1527,21246,493,1902.7,0.014187,309.7,0.9592,0.5,1897.0,5.7000000000000455,LCC system created,True
AE,Encyclopedias (General),RENAMED,A-Class,1472,1508,548,1974.3,0.057146,76.9,0.9693,0.5,1975.0,0.7000000000000455,Helsinki Accords (Eastern Europe),True
AG,Dictionaries (General),RENAMED,A-Class,1532,2970,488,1981.3,0.066504,66.1,0.9776,0.5,1975.0,6.2999999999999545,Helsinki Accords (Eastern Europe),True
AI,Indexes,ABSENT,A-Class,1853,247,167,1978.0,0.094535,46.5,0.9832,0.5,1975.0,3.0,Helsinki Accords (Eastern Europe),True
AM,Museums / Exhibitions,ABSENT,A-Class,1678,4538,342,1990.0,0.102318,42.9,0.9945,0.5,1991.0,1.0,Soviet collapse,True
AN,Newspapers,ABSENT,A-Class,1999,2,21,,,,,,,,,False
AS,Academies / Societies,ABSENT,A-Class,1687,15217,333,1970.2,0.086574,50.8,0.9946,0.5,1972.0,1.7999999999999545,Title IX,True
B,Philosophy (General),MERGED,B-Class,1400,111087,576,1988.6,0.08584,51.2,0.9888,0.5,1991.0,2.400000000000091,Soviet collapse,True
BC,Logic,MERGED,B-Class,1476,4386,544,1983.4,0.078842,55.7,0.9929,0.5,1991.0,7.599999999999909,Soviet collapse,True
BD,Speculative Philosophy,MERGED,B-Class,1495,17349,525,1988.6,0.082225,53.4,0.9886,0.5,1991.0,2.400000000000091,Soviet collapse,True
BF,Psychology,ABSENT,B-Class,1474,85825,546,1987.1,0.079134,55.5,0.9879,0.5,1991.0,3.900000000000091,Soviet collapse,True
BH,Aesthetics,MERGED,B-Class,1757,5441,263,1989.6,0.094296,46.6,0.9902,0.5,1991.0,1.400000000000091,Soviet collapse,True
BJ,Ethics,MERGED,B-Class,1474,24126,546,1985.8,0.065643,66.9,0.9715,0.5,1991.0,5.2000000000000455,Soviet collapse,True
BL,Religion / Mythology,MERGED,B-Class,1477,67934,543,1989.4,0.087721,50.1,0.9877,0.5,1991.0,1.599999999999909,Soviet collapse,True
BM,Judaism,MERGED,B-Class,1474,45180,546,1990.8,0.095206,46.2,0.9756,0.5,1991.0,0.20000000000004547,Soviet collapse,True
BP,Islam,MERGED,B-Class,1401,46458,575,1994.9,0.112708,39.0,0.9888,0.5,1991.0,3.900000000000091,Soviet collapse,True
BR,Christianity,MERGED,B-Class,1470,40279,550,1982.9,0.062519,70.3,0.9787,0.5,1975.0,7.900000000000091,Helsinki Accords (Eastern Europe),True
BS,Bible,MERGED,B-Class,1400,62192,576,1986.2,0.068194,64.4,0.974,0.5,1991.0,4.7999999999999545,Soviet collapse,True
BT,Doctrinal Theology,MERGED,B-Class,1470,42184,550,1984.3,0.066067,66.5,0.9784,0.5,1991.0,6.7000000000000455,Soviet collapse,True
BV,Practical Theology,MERGED,B-Class,1470,76914,550,1985.1,0.063419,69.3,0.9757,0.5,1991.0,5.900000000000091,Soviet collapse,True
BX,Christian Denominations,MERGED,B-Class,1400,123705,576,1981.4,0.059652,73.7,0.9738,0.5,1975.0,6.400000000000091,Helsinki Accords (Eastern Europe),True
CB,History of Civilization,ABSENT,C-Class,1485,10708,535,1983.8,0.075045,58.6,0.9935,0.5,1991.0,7.2000000000000455,Soviet collapse,True
CC,Archaeology,ABSENT,C-Class,1612,4298,408,1993.5,0.098216,44.7,0.9897,0.5,1991.0,2.5,Soviet collapse,True
CD,Diplomatics / Archives,ABSENT,C-Class,1631,10401,389,1983.1,0.084941,51.7,0.9893,0.5,1991.0,7.900000000000091,Soviet collapse,True
CE,Chronology,ABSENT,C-Class,1414,986,568,1979.5,0.044824,98.0,0.949,0.5,1975.0,4.5,Helsinki Accords (Eastern Europe),True
CJ,Numismatics,ABSENT,C-Class,1553,6454,467,1982.3,0.076374,57.5,0.9843,0.5,1975.0,7.2999999999999545,Helsinki Accords (Eastern Europe),True
CN,Inscriptions / Epigraphy,ABSENT,C-Class,1520,1751,500,1989.7,0.08428,52.1,0.9776,0.5,1991.0,1.2999999999999545,Soviet collapse,True
CR,Heraldry,ABSENT,C-Class,1521,4932,499,1985.4,0.067997,64.6,0.9701,0.5,1991.0,5.599999999999909,Soviet collapse,True
CS,Genealogy,ABSENT,C-Class,1565,55337,455,1985.2,0.092421,47.5,0.9866,0.5,1991.0,5.7999999999999545,Soviet collapse,True
CT,Biography (General),ABSENT,C-Class,1552,26234,468,1985.4,0.069645,63.1,0.981,0.5,1991.0,5.599999999999909,Soviet collapse,True
D,History (General),MERGED,D-Euro,1481,113027,539,1981.5,0.058998,74.5,0.9842,0.5,1975.0,6.5,Helsinki Accords (Eastern Europe),True
DA,British History,MERGED,D-Euro,1503,54783,517,1971.2,0.044136,99.6,0.9739,0.5,1972.0,0.7999999999999545,Title IX,True
DAW,Central Europe,ABSENT,D-Area,1980,283,40,2000.1,0.230376,19.1,0.9956,0.5,2007.0,6.900000000000091,UN Declaration on Rights of Indigenous Peoples,True
DB,Austria / Bohemia,ABSENT,D-Euro,1489,21823,531,1981.7,0.075677,58.1,0.9909,0.5,1975.0,6.7000000000000455,Helsinki Accords (Eastern Europe),True
DC,French History,MERGED,D-Euro,1546,44853,474,1976.7,0.050759,86.6,0.9658,0.5,1975.0,1.7000000000000455,Helsinki Accords (Eastern Europe),True
DD,German History,MERGED,D-Euro,1518,45453,502,1980.7,0.073036,60.2,0.9902,0.5,1975.0,5.7000000000000455,Helsinki Accords (Eastern Europe),True
DE,Greco-Roman World,MERGED,D-Euro,1532,1671,488,1984.0,0.060689,72.4,0.9668,0.5,1991.0,7.0,Soviet collapse,True
DF,Greek History,MERGED,D-Euro,1474,11336,546,1984.7,0.074196,59.2,0.9849,0.5,1991.0,6.2999999999999545,Soviet collapse,True
DG,Italian History / Rome,MERGED,D-Euro,1485,40781,535,1986.4,0.073668,59.7,0.9796,0.5,1991.0,4.599999999999909,Soviet collapse,True
DH,Low Countries History,ABSENT,D-Area,1566,4390,454,1975.9,0.063485,69.2,0.979,0.5,1975.0,0.900000000000091,Helsinki Accords (Eastern Europe),True
DJ,Netherlands,ABSENT,D-Area,1588,4953,432,1982.3,0.080323,54.7,0.9907,0.5,1975.0,7.2999999999999545,Helsinki Accords (Eastern Europe),True
DJK,Eastern Europe (General),ABSENT,D-Area,1611,2323,409,1994.9,0.16397,26.8,0.9985,0.5,1991.0,3.900000000000091,Soviet collapse,True
DK,Russia / Former Soviet States,ABSENT,D-Area,1550,83137,470,1990.6,0.087166,50.4,0.9821,0.5,1991.0,0.40000000000009095,Soviet collapse,True
DL,Scandinavian History,ABSENT,D-Area,1567,15143,453,1981.1,0.075256,58.4,0.9914,0.5,1975.0,6.099999999999909,Helsinki Accords (Eastern Europe),True
DP,Iberian History,ABSENT,D-Area,1487,32519,533,1986.0,0.078098,56.3,0.9862,0.5,1991.0,5.0,Soviet collapse,True
DQ,Switzerland,ABSENT,D-Area,1548,5270,472,1979.4,0.076347,57.6,0.9878,0.5,1975.0,4.400000000000091,Helsinki Accords (Eastern Europe),True
DR,Balkan History,ABSENT,D-Area,1500,36545,520,1992.5,0.101761,43.2,0.9866,0.5,1991.0,1.5,Soviet collapse,True
DS,Asian History,ABSENT,D-Area,1454,296746,558,1991.4,0.098276,44.7,0.9882,0.5,1991.0,0.40000000000009095,Soviet collapse,True
DT,African History,ABSENT,D-Area,1586,57568,434,1985.0,0.075458,58.2,0.9903,0.5,1991.0,6.0,Soviet collapse,True
DU,Oceania,ABSENT,D-Area,1617,15626,403,1980.9,0.075877,57.9,0.9931,0.5,1975.0,5.900000000000091,Helsinki Accords (Eastern Europe),True
DX,Romani People,ABSENT,D-Area,1757,1205,263,1992.0,0.096711,45.4,0.9734,0.5,1991.0,1.0,Soviet collapse,True
E18,African American History (E185),ABSENT,E-Sub,1641,25802,379,1987.6,0.079105,55.6,0.9866,0.5,1991.0,3.400000000000091,Soviet collapse,True
E99,Native Americans (E99),ABSENT,E-Sub,1643,10451,377,1987.9,0.091362,48.1,0.9903,0.5,1991.0,3.099999999999909,Soviet collapse,True
G,Geography (General),MERGED,G-Class,1477,31262,543,1981.6,0.0609,72.2,0.9793,0.5,1975.0,6.599999999999909,Helsinki Accords (Eastern Europe),True
GA,Mathematical Geography,MERGED,G-Class,1524,3714,496,1983.2,0.073306,59.9,0.9889,0.5,1991.0,7.7999999999999545,Soviet collapse,True
GB,Physical Geography,MERGED,G-Class,1515,19889,505,1987.1,0.095028,46.2,0.9956,0.5,1991.0,3.900000000000091,Soviet collapse,True
GC,Oceanography,ABSENT,G-Class,1656,6916,364,1985.9,0.097989,44.8,0.9973,0.5,1991.0,5.099999999999909,Soviet collapse,True
GE,Environmental Sciences,ABSENT,G-Class,1900,7511,120,2000.4,0.238621,18.4,0.9971,0.5,2007.0,6.599999999999909,UN Declaration on Rights of Indigenous Peoples,True
GF,Human Ecology,ABSENT,G-Class,1784,5349,236,1992.3,0.112238,39.2,0.9952,0.5,1991.0,1.2999999999999545,Soviet collapse,True
GN,Anthropology,ABSENT,G-Class,1677,34788,343,1988.2,0.087769,50.1,0.9902,0.5,1991.0,2.7999999999999545,Soviet collapse,True
GR,Folklore,ABSENT,G-Class,1557,22855,463,1988.9,0.094656,46.4,0.9935,0.5,1991.0,2.099999999999909,Soviet collapse,True
GT,Manners & Customs,ABSENT,G-Class,1495,19230,525,1993.7,0.105527,41.6,0.9866,0.5,1991.0,2.7000000000000455,Soviet collapse,True
GV,Recreation / Leisure,ABSENT,G-Class,1482,109996,538,1989.5,0.087422,50.3,0.9901,0.5,1991.0,1.5,Soviet collapse,True
HA,Statistics,ABSENT,H-Mod,1600,14766,420,1981.4,0.08888,49.4,0.9951,0.5,1975.0,6.400000000000091,Helsinki Accords (Eastern Europe),True
HB,Economic Theory,ABSENT,H-Mod,1519,64038,501,1987.2,0.087144,50.4,0.993,0.5,1991.0,3.7999999999999545,Soviet collapse,True
HC,Economic History,ABSENT,H-Mod,1581,155017,439,1986.8,0.097419,45.1,0.9964,0.5,1991.0,4.2000000000000455,Soviet collapse,True
HD,Land / Agriculture Economics,ABSENT,H-Mod,1591,320570,429,1986.6,0.097753,45.0,0.9964,0.5,1991.0,4.400000000000091,Soviet collapse,True
HE,Transportation / Communications,ABSENT,H-Mod,1500,48735,520,1981.7,0.078424,56.0,0.9915,0.5,1975.0,6.7000000000000455,Helsinki Accords (Eastern Europe),True
HF,Commerce,MERGED,H-Class,1524,117627,496,1986.6,0.086497,50.8,0.9919,0.5,1991.0,4.400000000000091,Soviet collapse,True
HG,Finance,ABSENT,H-Mod,1513,85584,507,1988.2,0.088076,49.9,0.9882,0.5,1991.0,2.7999999999999545,Soviet collapse,True
HJ,Public Finance,MERGED,H-Class,1401,29505,575,1981.6,0.07232,60.8,0.9861,0.5,1975.0,6.599999999999909,Helsinki Accords (Eastern Europe),True
HM,Sociology,ABSENT,H-Mod,1781,37950,239,1991.5,0.093087,47.2,0.9905,0.5,1991.0,0.5,Soviet collapse,True
HN,Social History,ABSENT,H-Mod,1550,53353,470,1989.9,0.09937,44.2,0.9945,0.5,1991.0,1.099999999999909,Soviet collapse,True
HQ,Family / Gender / Sexuality,ABSENT,H-Mod,1522,107072,498,1992.0,0.108937,40.3,0.9932,0.5,1991.0,1.0,Soviet collapse,True
HS,Societies / Clubs,ABSENT,H-Mod,1742,6384,278,1982.7,0.058539,75.1,0.9668,0.5,1975.0,7.7000000000000455,Helsinki Accords (Eastern Europe),True
HT,Communities / Classes / Race,ABSENT,H-Mod,1600,39829,420,1988.9,0.102088,43.0,0.9955,0.5,1991.0,2.099999999999909,Soviet collapse,True
HV,Social Pathology / Criminology,ABSENT,H-Mod,1531,133807,489,1991.8,0.099295,44.3,0.9907,0.5,1991.0,0.7999999999999545,Soviet collapse,True
HX,Socialism / Communism,ABSENT,H-Mod,1656,33668,364,1980.5,0.094093,46.7,0.9956,0.5,1975.0,5.5,Helsinki Accords (Eastern Europe),True
JC,Political Theory,MERGED,J-Class,1492,30097,528,1990.2,0.082899,53.0,0.9814,0.5,1991.0,0.7999999999999545,Soviet collapse,True
JK,US Political Institutions,MERGED,J-Class,1736,24663,284,1976.3,0.051576,85.2,0.9783,0.5,1975.0,1.2999999999999545,Helsinki Accords (Eastern Europe),True
JL,Canadian / Latin American Politics,MERGED,J-Class,1799,13132,221,1989.2,0.09968,44.1,0.989,0.5,1991.0,1.7999999999999545,Soviet collapse,True
JN,European Politics,ABSENT,J-Class,1513,40947,507,1987.3,0.08813,49.9,0.9917,0.5,1991.0,3.7000000000000455,Soviet collapse,True
JQ,Asian / African Politics,ABSENT,J-Class,1643,33549,377,1992.4,0.106321,41.3,0.9922,0.5,1991.0,1.400000000000091,Soviet collapse,True
JS,Local Government,ABSENT,J-Class,1584,16932,436,1984.2,0.079751,55.1,0.9906,0.5,1991.0,6.7999999999999545,Soviet collapse,True
JV,Colonies / Colonialism,ABSENT,J-Class,1732,9749,288,1991.6,0.072979,60.2,0.9662,0.5,1991.0,0.599999999999909,Soviet collapse,True
JX,International Law (old),ABSENT,J-Class,1563,29542,457,1967.5,0.073347,59.9,0.9876,0.5,1968.0,0.5,American Indian Movement / MARC format,True
JZ,International Relations,ABSENT,J-Class,1647,11071,373,2004.8,0.316142,13.9,0.9975,0.5,2007.0,2.2000000000000455,UN Declaration on Rights of Indigenous Peoples,True
K,Law (General),MERGED,K-Class,1400,232299,576,1994.6,0.119213,36.9,0.9899,0.5,1991.0,3.599999999999909,Soviet collapse,True
KB,Religious Law,MERGED,K-Class,1460,8015,554,1992.9,0.070911,62.0,0.67,0.5,1991.0,1.900000000000091,Soviet collapse,False
KD,UK Law,MERGED,K-Class,1430,22633,564,1965.8,0.019193,229.0,0.889,0.5,1964.0,1.7999999999999545,Civil Rights Act,True
KE,Canadian Law,ABSENT,K-Class,1775,7870,245,1985.6,0.112014,39.2,0.9964,0.5,1991.0,5.400000000000091,Soviet collapse,True
KF,US Law,MERGED,K-Class,1546,191158,474,1986.2,0.089717,49.0,0.9916,0.5,1991.0,4.7999999999999545,Soviet collapse,True
KG,Latin American Law,ABSENT,K-Class,1599,18652,421,1989.8,0.08052,54.6,0.9753,0.5,1991.0,1.2000000000000455,Soviet collapse,True
KH,South American Law,ABSENT,K-Class,1648,47820,372,1992.9,0.104027,42.2,0.9891,0.5,1991.0,1.900000000000091,Soviet collapse,True
KJ,European Law,MERGED,K-Class,1472,45037,548,1991.5,0.085968,51.1,0.888,0.5,1991.0,0.5,Soviet collapse,True
KL,Asian / African Law,ABSENT,K-Class,1628,16293,392,2001.9,0.244862,17.9,0.9928,0.5,2007.0,5.099999999999909,UN Declaration on Rights of Indigenous Peoples,True
KZ,International Law,ABSENT,K-Class,1538,7726,482,2000.2,0.147826,29.7,0.9282,0.5,2007.0,6.7999999999999545,UN Declaration on Rights of Indigenous Peoples,True
LA,History of Education,ABSENT,L-Class,1400,97538,576,1975.5,0.092469,47.5,0.9913,0.5,1975.0,0.5,Helsinki Accords (Eastern Europe),True
LB,Theory / Practice of Education,ABSENT,L-Class,1490,106253,530,1985.6,0.080365,54.7,0.9939,0.5,1991.0,5.400000000000091,Soviet collapse,True
LC,Social Aspects of Education,ABSENT,L-Class,1470,52085,550,1989.1,0.098404,44.7,0.9951,0.5,1991.0,1.900000000000091,Soviet collapse,True
LD,US Universities,ABSENT,L-Class,1731,5806,289,1966.0,0.039348,111.7,0.9804,0.5,1964.0,2.0,Civil Rights Act,True
LE,American Universities (other),ABSENT,L-Class,1800,2983,220,1969.6,0.037734,116.5,0.9447,0.5,1968.0,1.599999999999909,American Indian Movement / MARC format,True
LF,European Universities,ABSENT,L-Class,1558,5829,462,1980.8,0.065913,66.7,0.9826,0.5,1975.0,5.7999999999999545,Helsinki Accords (Eastern Europe),True
LG,Asian / African Universities,ABSENT,L-Class,1825,3529,195,1990.1,0.105689,41.6,0.9954,0.5,1991.0,0.900000000000091,Soviet collapse,True
LH,College Publications,ABSENT,L-Class,1843,36,177,,,,,,,,,False
LJ,Student Fraternities,ABSENT,L-Class,1798,341,222,1955.5,0.039108,112.4,0.9903,0.5,1954.0,1.5,Brown v. Board of Education,True
M,Music Scores,DIRECT,M-Class,1406,124462,571,1971.5,0.050521,87.0,0.9721,0.5,1972.0,0.5,Title IX,True
ML,Literature on Music,DIRECT,M-Class,1400,773679,576,1989.5,0.106455,41.3,0.9909,0.5,1991.0,1.5,Soviet collapse,True
MT,Musical Instruction,DIRECT,M-Class,1535,14617,485,1977.4,0.063861,68.8,0.9921,0.5,1975.0,2.400000000000091,Helsinki Accords (Eastern Europe),True
N,Visual Arts (General),MERGED,N-Class,1517,110348,503,1990.3,0.096412,45.6,0.9915,0.5,1991.0,0.7000000000000455,Soviet collapse,True
NB,Sculpture,MERGED,N-Class,1631,19859,389,1987.1,0.087847,50.0,0.9927,0.5,1991.0,3.900000000000091,Soviet collapse,True
NC,Drawing / Design,MERGED,N-Class,1509,26983,511,1985.1,0.079233,55.5,0.9923,0.5,1991.0,5.900000000000091,Soviet collapse,True
ND,Painting,MERGED,N-Class,1586,80851,434,1986.9,0.082977,53.0,0.9908,0.5,1991.0,4.099999999999909,Soviet collapse,True
NE,Print Media,ABSENT,N-Class,1521,13570,499,1978.9,0.068502,64.2,0.9818,0.5,1975.0,3.900000000000091,Helsinki Accords (Eastern Europe),True
NK,Decorative Arts,ABSENT,N-Class,1501,52755,519,1988.4,0.089377,49.2,0.99,0.5,1991.0,2.599999999999909,Soviet collapse,True
NX,Arts in General,ABSENT,N-Class,1686,13690,334,1992.0,0.123684,35.5,0.9968,0.5,1991.0,1.0,Soviet collapse,True
P,Linguistics (General),MERGED,P-West,1497,338833,523,1977.1,0.054196,81.1,0.9905,0.5,1975.0,2.099999999999909,Helsinki Accords (Eastern Europe),True
PA,Classical Languages & Literature,MERGED,P-West,1450,35928,561,1977.5,0.04683,93.8,0.9547,0.5,1975.0,2.5,Helsinki Accords (Eastern Europe),True
PB,Celtic Languages,MERGED,P-West,1632,5380,388,1983.9,0.074271,59.2,0.9853,0.5,1991.0,7.099999999999909,Soviet collapse,True
PC,Romanic Languages,MERGED,P-West,1493,45050,527,1985.4,0.082706,53.1,0.9907,0.5,1991.0,5.599999999999909,Soviet collapse,True
PD,Germanic Languages (old),MERGED,P-West,1755,3879,265,1973.8,0.055851,78.7,0.9803,0.5,1975.0,1.2000000000000455,Helsinki Accords (Eastern Europe),True
PE,English Language,MERGED,P-West,1568,34036,452,1983.3,0.060401,72.8,0.9782,0.5,1991.0,7.7000000000000455,Soviet collapse,True
PF,West Germanic Languages,MERGED,P-West,1528,11044,492,1981.8,0.075279,58.4,0.9887,0.5,1975.0,6.7999999999999545,Helsinki Accords (Eastern Europe),True
PG,Slavic Languages & Literatures,ABSENT,P-NonW,1653,138935,367,1988.0,0.088226,49.8,0.9905,0.5,1991.0,3.0,Soviet collapse,True
PH,Uralic / Basque Languages,ABSENT,P-NonW,1728,19806,292,1986.8,0.100144,43.9,0.9957,0.5,1991.0,4.2000000000000455,Soviet collapse,True
PJ,Oriental Languages / Literature,ABSENT,P-NonW,1513,51776,507,1987.8,0.080367,54.7,0.9878,0.5,1991.0,3.2000000000000455,Soviet collapse,True
PK,Indo-Iranian Languages,ABSENT,P-NonW,1618,99477,402,1984.5,0.090411,48.6,0.9952,0.5,1991.0,6.5,Soviet collapse,True
PL,E Asian / African / Pacific,ABSENT,P-NonW,1476,181616,544,1989.7,0.111813,39.3,0.9961,0.5,1991.0,1.2999999999999545,Soviet collapse,True
PM,Indigenous American Languages,ABSENT,P-NonW,1571,5908,449,1984.0,0.072946,60.2,0.9756,0.5,1991.0,7.0,Soviet collapse,True
PN,General Literature,MERGED,P-West,1521,208463,499,1988.6,0.078726,55.8,0.986,0.5,1991.0,2.400000000000091,Soviet collapse,True
PQ,French / Italian / Spanish Lit.,MERGED,P-West,1472,291535,548,1983.8,0.071501,61.5,0.9904,0.5,1991.0,7.2000000000000455,Soviet collapse,True
PR,English Literature,MERGED,P-West,1542,183098,478,1982.6,0.060444,72.7,0.9759,0.5,1975.0,7.599999999999909,Helsinki Accords (Eastern Europe),True
PS,American Literature,MERGED,P-West,1624,227722,396,1990.7,0.073154,60.1,0.9661,0.5,1991.0,0.2999999999999545,Soviet collapse,True
PT,Germanic Literature,MERGED,P-West,1497,119726,523,1980.1,0.071008,61.9,0.9919,0.5,1975.0,5.099999999999909,Helsinki Accords (Eastern Europe),True
Q,Science (General),MERGED,Q-Class,1481,40463,539,1980.6,0.06751,65.1,0.99,0.5,1975.0,5.599999999999909,Helsinki Accords (Eastern Europe),True
QA,Mathematics,MERGED,Q-Class,1532,135992,488,1989.6,0.094988,46.3,0.9898,0.5,1991.0,1.400000000000091,Soviet collapse,True
QB,Astronomy,MERGED,Q-Class,1417,23145,567,1983.1,0.0615,71.5,0.9748,0.5,1991.0,7.900000000000091,Soviet collapse,True
QC,Physics,MERGED,Q-Class,1490,70917,530,1982.8,0.073927,59.4,0.9925,0.5,1975.0,7.7999999999999545,Helsinki Accords (Eastern Europe),True
QD,Chemistry,MERGED,Q-Class,1548,35092,472,1975.2,0.061767,71.1,0.9906,0.5,1975.0,0.20000000000004547,Helsinki Accords (Eastern Europe),True
QE,Geology / Mineralogy,MERGED,Q-Class,1611,56663,409,1979.3,0.082704,53.1,0.9938,0.5,1975.0,4.2999999999999545,Helsinki Accords (Eastern Europe),True
QH,Natural History / Biology,ABSENT,Q-Class,1539,53598,481,1986.7,0.080026,54.9,0.9901,0.5,1991.0,4.2999999999999545,Soviet collapse,True
QK,Botany,MERGED,Q-Class,1484,30611,536,1980.3,0.064563,68.1,0.9848,0.5,1975.0,5.2999999999999545,Helsinki Accords (Eastern Europe),True
QL,Zoology,MERGED,Q-Class,1520,69446,500,1986.0,0.072955,60.2,0.9874,0.5,1991.0,5.0,Soviet collapse,True
QM,Human Anatomy,MERGED,Q-Class,1543,4835,477,1975.6,0.049033,89.6,0.9738,0.5,1975.0,0.599999999999909,Helsinki Accords (Eastern Europe),True
QP,Physiology,ABSENT,Q-Class,1476,33773,544,1985.1,0.081107,54.2,0.9925,0.5,1991.0,5.900000000000091,Soviet collapse,True
QR,Microbiology,ABSENT,Q-Class,1800,9576,220,1985.1,0.081906,53.7,0.992,0.5,1991.0,5.900000000000091,Soviet collapse,True
R,Medicine (General),MERGED,R-Class,1410,33159,569,1988.6,0.079867,55.0,0.9812,0.5,1991.0,2.400000000000091,Soviet collapse,True
RA,Public Health,ABSENT,R-Class,1431,64171,563,1991.1,0.099119,44.3,0.9907,0.5,1991.0,0.09999999999990905,Soviet collapse,True
RB,Pathology,ABSENT,R-Class,1610,6897,410,1987.1,0.080594,54.5,0.9875,0.5,1991.0,3.900000000000091,Soviet collapse,True
RC,Internal Medicine,MERGED,R-Class,1534,102274,486,1989.2,0.0937,46.9,0.9924,0.5,1991.0,1.7999999999999545,Soviet collapse,True
RD,Surgery,MERGED,R-Class,1497,17123,523,1986.2,0.084232,52.2,0.9897,0.5,1991.0,4.7999999999999545,Soviet collapse,True
RE,Ophthalmology,ABSENT,R-Class,1600,4530,420,1982.5,0.073319,59.9,0.982,0.5,1975.0,7.5,Helsinki Accords (Eastern Europe),True
RF,Otorhinolaryngology,ABSENT,R-Class,1683,2602,337,1986.1,0.081542,53.9,0.9857,0.5,1991.0,4.900000000000091,Soviet collapse,True
RG,Gynecology / Obstetrics,ABSENT,R-Class,1545,12089,475,1988.3,0.093407,47.0,0.9884,0.5,1991.0,2.7000000000000455,Soviet collapse,True
RJ,Pediatrics,ABSENT,R-Class,1579,19154,441,1991.1,0.103021,42.7,0.9941,0.5,1991.0,0.09999999999990905,Soviet collapse,True
RK,Dentistry,ABSENT,R-Class,1778,4751,242,1980.0,0.0698,63.0,0.9911,0.5,1975.0,5.0,Helsinki Accords (Eastern Europe),True
RL,Dermatology,ABSENT,R-Class,1717,2216,303,1984.8,0.065444,67.1,0.975,0.5,1991.0,6.2000000000000455,Soviet collapse,True
RM,Pharmacology,ABSENT,R-Class,1555,19785,465,1988.5,0.080943,54.3,0.9833,0.5,1991.0,2.5,Soviet collapse,True
RS,Pharmacy,ABSENT,R-Class,1497,7225,523,1985.7,0.071124,61.8,0.9733,0.5,1991.0,5.2999999999999545,Soviet collapse,True
RT,Nursing,ABSENT,R-Class,1842,9375,178,1988.8,0.091078,48.2,0.9938,0.5,1991.0,2.2000000000000455,Soviet collapse,True
RV,Botanic Medicine,ABSENT,R-Class,1825,97,195,1882.6,0.030042,146.3,0.9708,0.5,1897.0,14.400000000000091,LCC system created,True
RX,Homeopathy,ABSENT,R-Class,1829,755,191,1964.9,0.028733,152.9,0.9213,0.5,1964.0,0.900000000000091,Civil Rights Act,True
RZ,Other Medical Systems,ABSENT,R-Class,1797,2145,223,1988.3,0.077758,56.5,0.9695,0.5,1991.0,2.7000000000000455,Soviet collapse,True
S,Agriculture (General),DIRECT,S-Class,1536,33900,484,1980.1,0.083418,52.7,0.9954,0.5,1975.0,5.099999999999909,Helsinki Accords (Eastern Europe),True
SB,Plant Culture,DIRECT,S-Class,1563,41235,457,1984.1,0.077137,57.0,0.9896,0.5,1991.0,6.900000000000091,Soviet collapse,True
SD,Forestry,MERGED,S-Class,1613,14096,407,1985.4,0.079143,55.5,0.9919,0.5,1991.0,5.599999999999909,Soviet collapse,True
SF,Animal Culture,MERGED,S-Class,1565,32765,455,1986.7,0.07425,59.2,0.9872,0.5,1991.0,4.2999999999999545,Soviet collapse,True
SH,Aquaculture / Fisheries,ABSENT,S-Class,1630,14631,390,1984.3,0.084357,52.1,0.9942,0.5,1991.0,6.7000000000000455,Soviet collapse,True
SK,Hunting / Wildlife,ABSENT,S-Class,1593,6976,427,1977.9,0.063374,69.3,0.9908,0.5,1975.0,2.900000000000091,Helsinki Accords (Eastern Europe),True
T,Technology (General),MERGED,T-Class,1594,61675,426,1989.0,0.09085,48.4,0.991,0.5,1991.0,2.0,Soviet collapse,True
TA,Engineering (General),MERGED,T-Class,1536,48997,484,1987.0,0.093791,46.9,0.9959,0.5,1991.0,4.0,Soviet collapse,True
TC,Hydraulic Engineering,MERGED,T-Class,1672,10973,348,1978.8,0.068443,64.2,0.9877,0.5,1975.0,3.7999999999999545,Helsinki Accords (Eastern Europe),True
TD,Environmental Technology,ABSENT,T-Class,1661,36671,359,1989.4,0.10942,40.2,0.9966,0.5,1991.0,1.599999999999909,Soviet collapse,True
TE,Highway Engineering,MERGED,T-Class,1721,5698,299,1982.7,0.100562,43.7,0.9979,0.5,1975.0,7.7000000000000455,Helsinki Accords (Eastern Europe),True
TF,Railroad Engineering,ABSENT,T-Class,1821,9243,199,1983.4,0.086794,50.6,0.9852,0.5,1991.0,7.599999999999909,Soviet collapse,True
TG,Bridge Engineering,MERGED,T-Class,1743,2903,277,1976.5,0.047035,93.4,0.9816,0.5,1975.0,1.5,Helsinki Accords (Eastern Europe),True
TH,Building Construction,MERGED,T-Class,1494,20799,526,1984.7,0.084751,51.9,0.9927,0.5,1991.0,6.2999999999999545,Soviet collapse,True
TJ,Mechanical Engineering,MERGED,T-Class,1583,30082,437,1982.9,0.085798,51.2,0.9941,0.5,1975.0,7.900000000000091,Helsinki Accords (Eastern Europe),True
TK,Electrical Engineering,ABSENT,T-Class,1776,65477,244,1989.5,0.091395,48.1,0.9914,0.5,1991.0,1.5,Soviet collapse,True
TL,Motor Vehicles / Aeronautics,ABSENT,T-Class,1676,48163,344,1983.9,0.079021,55.6,0.9941,0.5,1991.0,7.099999999999909,Soviet collapse,True
TN,Mining / Metallurgy,MERGED,T-Class,1540,30543,480,1977.1,0.081254,54.1,0.9912,0.5,1975.0,2.099999999999909,Helsinki Accords (Eastern Europe),True
TP,Chemical Technology,MERGED,T-Class,1536,29238,484,1983.3,0.077232,56.9,0.9927,0.5,1991.0,7.7000000000000455,Soviet collapse,True
TR,Photography,ABSENT,T-Class,1837,29635,183,1992.9,0.09969,44.1,0.9867,0.5,1991.0,1.900000000000091,Soviet collapse,True
TS,Manufactures,MERGED,T-Class,1565,28435,455,1981.3,0.082905,53.0,0.9941,0.5,1975.0,6.2999999999999545,Helsinki Accords (Eastern Europe),True
TX,Home Economics,ABSENT,T-Class,1480,64446,540,1988.3,0.084396,52.1,0.9875,0.5,1991.0,2.7000000000000455,Soviet collapse,True
UA,Armies / Land Forces,ABSENT,U-Class,1684,21004,336,1989.2,0.094399,46.6,0.9907,0.5,1991.0,1.7999999999999545,Soviet collapse,True
UB,Military Administration,ABSENT,U-Class,1651,6977,369,1987.0,0.069369,63.3,0.9799,0.5,1991.0,4.0,Soviet collapse,True
UC,Military Maintenance,ABSENT,U-Class,1615,2681,405,1984.2,0.07637,57.5,0.9897,0.5,1991.0,6.7999999999999545,Soviet collapse,True
UD,Infantry,ABSENT,U-Class,1627,1223,393,1979.0,0.047766,92.0,0.9607,0.5,1975.0,4.0,Helsinki Accords (Eastern Europe),True
UF,Artillery,ABSENT,U-Class,1568,2267,452,1977.0,0.058659,74.9,0.9847,0.5,1975.0,2.0,Helsinki Accords (Eastern Europe),True
UG,Military Engineering,ABSENT,U-Class,1512,12448,508,1990.4,0.08981,48.9,0.9877,0.5,1991.0,0.599999999999909,Soviet collapse,True
UH,Military Medicine,ABSENT,U-Class,1611,1316,409,1982.9,0.053296,82.5,0.976,0.5,1975.0,7.900000000000091,Helsinki Accords (Eastern Europe),True
VA,Navies,ABSENT,V-Class,1654,3202,366,1985.3,0.077051,57.0,0.9881,0.5,1991.0,5.7000000000000455,Soviet collapse,True
VB,Naval Administration,ABSENT,V-Class,1757,446,263,1975.7,0.047238,93.0,0.9712,0.5,1975.0,0.7000000000000455,Helsinki Accords (Eastern Europe),True
VC,Naval Maintenance,ABSENT,V-Class,1797,253,223,1977.5,0.06787,64.7,0.9883,0.5,1975.0,2.5,Helsinki Accords (Eastern Europe),True
VD,Naval Seamen,ABSENT,V-Class,1856,38,164,,,,,,,,,False
VF,Naval Ordnance,ABSENT,V-Class,1781,193,239,1968.0,0.03269,134.4,0.9253,0.5,1968.0,0.0,American Indian Movement / MARC format,True
VG,Naval Auxiliaries,ABSENT,V-Class,1821,1033,199,1983.7,0.076402,57.5,0.9936,0.5,1991.0,7.2999999999999545,Soviet collapse,True
VK,Navigation / Seamanship,ABSENT,V-Class,1499,6221,521,1979.5,0.064884,67.7,0.9835,0.5,1975.0,4.5,Helsinki Accords (Eastern Europe),True
VM,Naval Architecture,ABSENT,V-Class,1537,8194,483,1979.8,0.077275,56.9,0.9939,0.5,1975.0,4.7999999999999545,Helsinki Accords (Eastern Europe),True
Z,Books / Writing (General),DIRECT,Z-Class,1518,164602,502,1979.4,0.083108,52.9,0.991,0.5,1975.0,4.400000000000091,Helsinki Accords (Eastern Europe),True
ZA,Information Resources,ABSENT,Z-Class,1945,1331,75,2003.3,0.28669,15.3,0.997,0.5,2007.0,3.7000000000000455,UN Declaration on Rights of Indigenous Peoples,True
