pub_year,A -- General Works,B -- Philosophy / Psychology / Religion,C -- Auxiliary Sciences of History,D -- World History,E -- American History,F -- Local History (Americas),G -- Geography / Anthropology,H -- Social Sciences,J -- Political Science,K -- Law,L -- Education,M -- Music,N -- Fine Arts,P -- Language & Literature,Q -- Science,R -- Medicine,S -- Agriculture,T -- Technology,U -- Military Science,V -- Naval Science,Z -- Bibliography / Library Science
1400,0,18,0,0,0,0,0,0,0,1,1,2,0,0,0,0,0,0,1,0,0
1401,0,19,0,0,0,0,0,1,0,1,1,4,0,0,0,0,0,0,1,0,0
1402,0,20,0,0,0,0,0,1,0,2,2,5,0,0,0,0,0,0,1,0,0
1403,0,21,0,0,0,0,0,1,0,2,2,6,0,0,0,0,0,0,1,0,0
1405,0,21,0,0,0,0,0,1,0,3,2,6,0,0,0,0,0,0,1,0,0
1406,0,21,0,0,0,0,0,1,0,3,2,7,0,0,0,0,0,0,1,0,0
1408,0,21,0,0,0,0,0,1,0,3,2,8,0,0,0,0,0,0,1,0,0
1410,0,22,0,0,0,0,0,1,0,3,2,8,0,0,0,1,0,0,1,0,0
1414,0,22,1,0,0,0,0,1,0,3,2,8,0,0,0,1,0,0,1,0,0
1417,0,22,1,0,0,0,0,1,0,3,2,8,0,0,1,1,0,0,1,0,0
1418,0,23,1,0,0,0,0,1,0,3,2,8,0,0,1,1,0,0,1,0,0
1420,0,24,1,0,0,0,0,1,0,3,2,9,0,0,1,1,0,0,1,0,0
1430,0,24,1,0,0,0,0,1,0,4,2,9,0,0,1,1,0,0,1,0,0
1431,0,24,1,0,0,0,0,1,0,4,2,9,0,0,1,2,0,0,1,0,0
1440,0,24,1,0,0,0,0,1,0,4,2,10,0,0,1,2,0,0,1,0,0
1450,0,24,1,0,0,0,0,1,0,4,2,10,0,1,1,2,0,0,1,0,0
1451,0,25,1,0,0,0,0,1,0,4,2,10,0,1,1,2,0,0,1,0,0
1453,0,25,1,0,0,0,0,1,0,5,2,10,0,1,1,2,0,0,1,0,0
1454,0,26,1,1,0,0,0,1,0,5,2,11,0,1,1,2,0,0,1,0,0
1455,0,28,1,1,0,0,0,1,0,5,2,11,0,1,1,2,0,0,1,0,0
1456,0,28,1,1,0,0,0,1,0,5,2,12,0,1,1,2,0,0,1,0,0
1457,0,28,1,1,0,0,0,1,0,5,2,14,0,1,1,2,0,0,1,0,0
1460,0,28,1,1,0,0,0,1,0,6,2,14,0,1,1,2,0,0,1,0,0
1463,0,28,1,1,0,0,0,1,0,7,2,14,0,1,1,2,0,0,1,0,0
1465,0,28,1,1,0,0,0,1,0,8,2,19,0,1,1,2,0,0,1,0,0
1467,0,28,1,1,0,0,0,1,0,9,2,19,0,1,1,2,0,0,1,0,0
1470,0,36,1,1,0,0,0,1,0,10,4,19,0,3,1,2,0,0,1,0,0
1471,0,40,1,1,0,0,0,1,0,15,4,19,0,3,1,2,0,0,1,0,0
1472,1,47,1,1,0,0,0,1,0,19,4,19,0,6,2,2,0,0,1,0,0
1473,1,54,1,1,0,0,0,1,0,27,4,20,0,7,2,2,0,0,1,0,0
1474,1,64,1,2,0,0,0,1,0,36,4,20,0,10,2,2,0,0,1,0,0
1475,1,82,1,2,0,0,0,1,0,47,4,20,0,18,2,3,0,0,1,0,0
1476,1,95,1,2,0,0,0,1,0,57,4,20,0,20,3,3,0,0,1,0,0
1477,1,116,1,2,0,0,0,1,0,71,4,20,0,20,4,3,0,0,1,0,0
1478,1,128,2,2,0,0,0,1,0,80,4,20,0,21,4,3,0,0,1,0,0
1479,1,131,2,2,0,0,0,1,0,88,4,20,0,23,4,3,0,0,1,0,0
1480,1,143,2,4,0,0,0,1,0,94,5,20,0,24,5,4,0,1,1,0,0
1481,1,162,2,7,0,0,0,1,0,104,5,20,0,29,6,5,0,1,1,0,0
1482,1,175,2,7,0,0,0,1,0,113,6,20,0,33,7,5,0,1,1,0,0
1483,3,189,2,7,0,0,0,1,0,128,8,20,0,36,7,5,0,1,1,0,0
1484,3,197,2,7,0,0,0,1,0,138,8,20,0,36,9,5,0,1,1,0,0
1485,3,215,4,9,0,0,0,1,0,147,10,20,0,40,12,5,0,1,2,0,0
1486,3,224,4,11,0,0,0,1,0,155,13,20,0,46,12,6,0,1,2,0,0
1487,3,237,4,12,0,0,0,1,0,162,14,20,0,50,12,6,0,2,2,0,0
1488,4,244,4,13,0,0,0,1,0,175,14,21,0,59,12,6,0,2,2,0,0
1489,4,257,4,15,0,0,0,1,0,185,14,21,0,64,13,6,0,2,2,0,0
1490,4,269,4,18,0,0,0,1,0,202,16,24,0,72,14,7,0,3,2,0,0
1491,6,280,4,19,0,0,0,1,0,209,17,26,0,78,14,7,0,3,2,0,0
1492,6,293,4,21,0,0,1,1,1,216,17,26,0,80,14,7,0,3,2,0,0
1493,7,312,4,23,0,0,1,1,1,236,19,28,0,86,14,7,0,3,2,0,0
1494,7,328,4,24,0,0,1,1,1,247,21,28,0,92,14,7,0,4,2,0,0
1495,7,354,4,25,0,0,2,1,1,258,23,28,0,98,15,7,0,4,2,0,0
1496,7,369,4,25,0,0,2,1,1,264,24,29,0,102,16,8,0,4,2,0,0
1497,7,391,4,25,0,0,2,1,1,273,24,29,0,109,16,15,0,4,2,0,0
1498,7,402,4,26,0,0,2,1,1,284,25,30,0,117,16,18,0,4,2,0,0
1499,7,421,4,26,0,0,3,1,1,300,27,30,0,127,16,18,0,5,2,1,0
1500,7,445,5,28,0,0,5,2,1,314,30,30,0,135,16,22,0,9,2,1,0
1501,7,455,5,28,0,0,5,2,1,319,32,31,1,143,17,23,0,9,2,1,0
1502,7,461,5,28,0,0,5,2,1,326,32,35,1,148,20,23,0,9,2,1,0
1503,7,464,5,31,1,0,5,2,1,334,33,36,1,156,20,23,0,10,2,1,0
1504,8,467,5,32,2,0,5,2,1,340,35,38,1,157,20,23,0,11,2,1,0
1505,8,473,5,33,2,0,7,2,1,346,38,39,1,160,20,23,0,15,2,1,0
1506,9,477,5,34,2,0,7,2,1,349,40,42,1,163,21,23,0,15,2,1,0
1507,9,480,5,34,5,0,7,2,1,352,40,43,1,167,21,23,0,16,2,1,0
1508,9,484,5,35,6,0,8,2,1,361,41,43,1,172,21,23,0,17,2,1,0
1509,10,488,5,36,6,0,8,2,1,368,41,44,2,180,22,23,0,18,2,1,0
1510,10,494,5,38,6,0,8,2,1,378,42,45,2,183,22,24,0,20,2,1,0
1511,10,496,5,39,6,0,8,2,1,385,47,46,2,187,23,24,0,21,2,1,0
1512,12,499,5,42,6,0,8,2,1,393,47,48,2,190,23,25,0,21,3,1,0
1513,12,504,5,43,6,0,9,3,2,398,48,50,2,194,23,25,0,21,3,1,0
1514,12,509,5,43,6,0,10,3,2,411,49,52,2,200,23,28,0,22,3,1,0
1515,12,517,5,43,6,0,11,3,2,414,53,57,2,202,23,29,0,23,3,1,0
1516,12,527,5,43,6,0,12,4,2,421,55,59,2,210,23,29,0,24,3,1,0
1517,12,530,5,43,6,0,12,5,2,432,55,60,3,215,25,31,0,28,3,1,0
1518,12,538,6,45,6,0,12,5,2,445,55,61,3,225,26,32,0,28,3,1,1
1519,12,552,6,49,6,0,12,6,2,453,57,61,3,231,27,32,0,28,3,1,1
1520,12,591,8,50,6,0,14,6,3,465,61,61,3,232,28,32,0,28,3,1,1
1521,12,618,9,51,7,0,14,6,3,473,62,67,4,239,28,33,0,29,3,1,1
1522,12,644,9,51,8,0,14,7,5,485,63,81,4,246,28,33,0,29,3,1,2
1523,12,682,9,52,8,0,15,7,5,493,64,82,4,250,28,33,0,29,3,1,3
1524,12,699,9,55,8,1,16,9,5,503,65,84,4,253,28,33,0,31,3,1,3
1525,12,713,9,60,8,1,17,9,5,517,65,87,4,254,29,34,0,32,3,1,3
1526,12,723,9,63,8,1,18,9,5,530,67,88,4,254,29,34,0,32,3,1,4
1527,13,735,10,68,8,1,18,9,5,541,67,89,4,259,29,37,0,32,3,1,4
1528,13,750,10,71,8,1,18,9,5,547,67,89,4,262,29,39,0,33,3,1,4
1529,13,755,10,74,8,1,18,11,5,553,69,96,5,267,29,39,0,34,3,1,4
1530,13,763,10,76,9,1,18,12,6,568,70,96,6,273,30,40,0,38,3,1,4
1531,13,774,10,78,9,1,18,14,6,578,71,99,6,280,31,41,0,38,3,1,4
1532,15,786,10,79,10,2,18,14,6,587,71,102,6,285,33,41,0,40,3,1,4
1533,15,799,10,83,11,2,20,14,6,604,72,105,6,292,37,43,0,41,3,1,4
1534,15,809,10,85,12,2,22,14,6,618,73,107,6,302,38,45,0,43,3,1,4
1535,15,815,10,92,12,3,24,14,6,636,74,113,6,306,41,46,0,43,3,1,5
1536,16,826,11,95,12,3,27,14,6,659,74,116,6,317,41,46,1,45,3,1,5
1537,16,837,11,99,12,3,29,14,6,675,74,124,7,326,42,48,1,46,3,2,5
1538,16,854,11,100,12,3,30,14,6,698,75,128,8,337,42,48,2,47,3,2,5
1539,16,874,11,102,12,3,30,14,6,716,79,129,8,346,44,51,2,47,3,2,5
1540,16,881,11,102,12,3,31,15,6,735,80,135,11,359,45,52,2,49,3,2,5
1541,16,892,12,104,12,3,32,16,10,767,80,141,11,369,45,54,2,51,3,2,5
1542,16,907,12,105,12,3,33,16,10,797,81,145,11,381,47,58,2,51,3,2,5
1543,16,917,12,106,12,3,34,16,11,820,82,146,12,389,51,58,2,51,4,2,5
1544,18,926,12,112,12,3,35,17,12,846,83,147,12,394,53,59,2,52,4,2,5
1545,18,939,12,113,12,3,36,18,13,873,83,149,16,401,57,62,2,54,4,2,7
1546,18,972,13,116,12,3,37,18,13,908,84,153,16,411,58,62,2,54,5,2,7
1547,18,984,13,118,12,3,37,18,14,925,85,154,17,420,60,63,2,55,5,2,7
1548,18,992,13,122,12,3,39,19,14,953,89,160,17,438,63,63,3,55,6,2,9
1549,18,1005,13,129,12,3,40,19,15,974,90,161,17,448,64,66,3,56,6,3,10
1550,18,1025,13,134,12,4,41,25,16,1004,94,170,19,456,66,69,3,58,6,3,12
1551,18,1038,13,136,12,4,43,28,18,1044,97,176,20,476,70,71,3,58,6,3,12
1552,19,1050,14,141,12,12,44,29,18,1068,100,185,22,484,70,74,3,58,6,3,12
1553,20,1057,17,144,13,14,44,30,18,1085,104,187,23,493,74,79,3,58,6,3,12
1554,20,1065,17,148,13,15,46,31,19,1106,105,188,24,510,76,80,3,58,6,4,12
1555,20,1076,17,152,15,16,46,33,19,1131,107,190,25,520,76,81,3,58,6,4,13
1556,20,1086,18,156,16,17,50,34,20,1160,109,195,28,533,78,82,3,58,6,4,13
1557,20,1096,19,158,17,17,51,34,21,1194,110,196,29,543,82,84,3,58,6,4,14
1558,20,1106,19,160,18,17,52,34,23,1216,111,196,30,554,83,86,3,59,6,4,14
1559,20,1124,20,164,18,17,53,34,24,1238,112,196,32,563,84,87,3,59,6,4,14
1560,20,1137,20,166,19,17,53,35,24,1268,113,199,35,569,85,88,3,61,6,4,14
1561,21,1148,20,172,19,17,54,35,27,1283,115,200,37,574,87,88,3,62,6,4,15
1562,21,1153,20,179,19,17,55,35,27,1304,119,205,37,578,89,91,3,63,6,4,15
1563,21,1161,20,183,19,17,55,35,29,1320,120,208,37,589,90,91,4,64,6,4,16
1564,22,1172,20,186,20,17,58,37,30,1345,128,211,37,603,93,94,5,65,6,4,17
1565,22,1187,22,191,20,17,59,37,30,1363,131,215,39,612,95,97,6,67,6,4,17
1566,22,1197,23,202,20,17,60,38,31,1394,134,217,39,621,99,100,6,67,6,4,17
1567,22,1209,23,205,20,17,60,38,31,1432,135,220,39,629,101,100,6,67,6,4,17
1568,22,1216,23,209,21,17,60,38,32,1453,139,220,39,635,102,103,6,67,7,4,17
1569,22,1222,23,211,22,18,60,40,32,1481,142,220,39,640,103,105,6,68,7,4,17
1570,22,1231,23,213,22,18,62,40,32,1526,149,222,41,648,105,106,7,68,7,4,20
1571,22,1245,23,218,23,19,62,40,32,1556,153,225,41,655,107,108,7,70,7,4,22
1572,22,1253,26,221,24,19,63,41,33,1611,161,229,41,665,107,110,8,70,10,4,22
1573,23,1263,27,229,24,19,63,41,33,1672,168,261,42,673,110,110,8,71,11,4,22
1574,23,1276,28,237,25,19,65,43,34,1724,174,264,43,683,111,111,8,71,12,5,25
1575,23,1284,29,241,25,19,66,43,34,1769,180,266,43,697,112,115,8,71,13,6,26
1576,23,1296,29,244,25,19,67,44,35,1814,183,269,46,704,113,118,9,72,13,6,26
1577,23,1301,31,249,27,20,68,45,35,1844,192,270,46,711,115,120,9,72,13,7,26
1578,23,1314,34,254,28,22,70,45,37,1884,195,270,46,721,117,121,9,74,14,7,26
1579,23,1321,34,257,30,22,71,45,37,1917,200,277,46,729,119,122,10,76,17,8,26
1580,26,1331,34,260,30,22,73,45,37,1970,201,278,46,736,120,122,10,78,18,8,26
1581,27,1342,34,267,30,23,75,47,39,2009,206,280,46,743,123,124,10,81,19,8,27
1582,27,1353,35,271,30,25,77,47,43,2044,210,281,46,752,126,124,10,81,19,8,27
1583,27,1364,38,278,30,27,78,48,45,2076,212,282,46,760,128,125,10,83,19,8,29
1584,27,1379,38,288,30,27,80,49,47,2112,221,284,47,766,128,125,10,83,20,9,30
1585,28,1395,39,293,31,27,80,49,48,2145,229,285,47,784,129,128,10,83,20,9,31
1586,28,1412,40,303,33,28,80,51,48,2179,231,286,49,795,129,132,10,85,20,9,32
1587,29,1421,40,310,36,28,81,53,50,2199,237,288,49,812,131,133,10,85,21,11,34
1588,30,1437,40,323,38,29,83,53,52,2233,238,291,49,823,133,134,11,87,24,11,34
1589,30,1443,41,334,42,29,86,53,55,2256,242,291,49,836,137,134,11,87,24,12,34
1590,31,1458,41,343,43,30,89,53,55,2300,243,291,50,846,141,135,11,87,27,12,34
1591,34,1471,43,347,43,31,91,55,55,2334,246,292,51,852,145,138,11,87,27,12,36
1592,36,1483,46,353,43,31,91,56,56,2367,250,292,51,858,149,140,13,87,27,12,36
1593,36,1499,46,356,43,31,92,56,57,2398,253,292,51,868,151,141,14,89,27,12,36
1594,36,1505,47,362,43,31,96,56,61,2428,256,295,52,871,154,141,14,91,27,12,36
1595,36,1519,47,371,43,32,99,58,62,2459,259,296,52,878,154,142,15,91,28,12,37
1596,36,1523,49,378,47,34,102,58,65,2489,260,298,52,885,156,144,15,92,28,13,37
1597,36,1543,51,385,47,35,105,58,66,2528,265,301,52,892,159,147,15,93,29,13,37
1598,36,1557,53,392,47,36,109,59,67,2564,266,305,53,904,159,150,16,96,30,13,37
1599,36,1575,54,396,49,38,119,59,71,2598,272,306,53,914,162,150,16,96,31,14,37
1600,36,1594,54,406,50,38,122,62,73,2648,279,317,53,927,166,154,17,101,31,14,38
1601,36,1605,54,412,50,39,125,63,76,2679,281,317,53,936,170,158,19,103,31,14,38
1602,36,1616,56,419,50,39,127,65,79,2705,285,317,53,945,173,159,19,103,32,14,40
1603,36,1633,57,427,50,39,130,66,83,2729,287,318,53,951,177,159,19,103,32,14,40
1604,37,1648,57,435,50,39,133,68,83,2758,288,321,53,958,178,161,19,103,34,14,41
1605,37,1670,57,456,52,39,134,68,84,2785,292,325,56,974,181,161,20,104,34,14,42
1606,37,1692,57,460,52,39,137,69,86,2819,292,325,56,980,183,166,20,105,34,15,46
1607,37,1702,57,462,54,40,138,69,87,2851,295,327,58,993,187,167,20,106,35,16,47
1608,38,1717,59,469,54,40,138,69,89,2874,297,329,63,1002,188,168,22,107,36,16,48
1609,38,1734,60,481,55,46,140,71,93,2903,303,330,64,1015,190,168,23,107,37,17,49
1610,39,1747,62,488,55,51,143,74,95,2931,305,331,64,1023,192,169,23,110,37,18,50
1611,39,1763,64,499,55,53,145,75,95,2946,308,332,67,1039,197,170,26,112,38,18,50
1612,40,1778,66,508,56,55,146,82,97,2983,311,335,70,1058,201,171,26,112,38,18,50
1613,41,1793,67,511,56,60,150,82,98,3008,314,337,71,1065,209,173,27,112,38,18,51
1614,41,1806,69,519,57,61,151,83,98,3034,316,339,71,1070,213,174,28,113,39,18,51
1615,42,1826,70,534,57,64,151,85,101,3074,321,341,71,1077,216,174,29,114,42,18,52
1616,42,1840,70,540,58,66,152,86,103,3105,322,342,71,1087,216,175,30,115,43,18,52
1617,42,1854,70,550,58,67,157,86,105,3127,324,348,71,1098,220,177,30,117,43,18,53
1618,42,1868,70,560,60,67,160,86,106,3158,326,350,71,1111,225,178,31,117,43,18,55
1619,44,1877,70,569,60,68,164,87,108,3186,326,352,74,1122,229,179,31,117,43,18,55
1620,47,1897,71,577,60,75,167,88,110,3212,327,356,75,1131,229,181,31,118,45,18,57
1621,47,1912,73,587,61,77,169,92,112,3231,331,364,75,1144,231,181,31,119,45,18,60
1622,48,1925,76,593,63,84,169,95,112,3256,335,368,76,1157,233,182,31,120,46,18,61
1623,48,1944,77,608,63,85,172,98,112,3283,336,370,76,1168,234,183,31,120,46,18,61
1624,48,1964,77,625,64,88,175,101,114,3298,338,372,78,1178,238,187,31,120,47,18,62
1625,49,1973,78,633,66,94,180,103,115,3313,339,374,79,1185,240,187,31,120,47,18,63
1626,50,1986,78,637,67,98,183,105,118,3328,342,375,80,1193,242,190,31,120,48,18,64
1627,50,2003,79,647,68,99,185,109,118,3336,346,375,81,1205,246,194,31,124,50,18,65
1628,50,2019,79,662,69,99,188,109,121,3358,347,392,81,1212,247,197,31,124,51,18,65
1629,50,2033,79,677,69,99,188,110,122,3380,348,394,81,1226,250,197,34,126,51,18,65
1630,50,2050,79,692,69,103,189,113,122,3402,350,398,81,1243,253,198,36,126,52,18,65
1631,51,2081,83,703,69,104,192,114,123,3419,351,402,82,1260,258,198,36,127,53,18,65
1632,51,2099,83,716,69,108,193,115,124,3433,352,403,83,1286,262,198,36,128,53,18,66
1633,51,2132,83,735,70,109,197,115,126,3456,355,404,84,1315,266,202,37,129,55,18,69
1634,51,2157,83,743,70,110,199,116,128,3467,357,405,85,1329,272,204,38,129,55,18,69
1635,53,2181,85,749,70,112,203,117,128,3484,358,407,86,1351,281,204,39,129,55,18,69
1636,55,2201,85,758,70,114,206,117,129,3505,360,408,87,1367,287,205,40,129,55,19,69
1637,55,2213,85,765,70,115,206,117,129,3520,360,411,87,1378,288,207,41,129,57,20,71
1638,55,2227,86,771,71,115,207,120,129,3537,360,413,91,1407,294,209,41,130,58,20,71
1639,56,2243,87,775,72,116,210,121,129,3550,361,417,94,1434,297,210,43,130,61,20,72
1640,59,2268,87,795,72,116,210,123,134,3585,361,422,95,1461,301,214,43,130,61,20,74
1641,77,2281,88,839,74,119,213,129,142,3620,364,422,95,1472,301,215,43,133,62,20,75
1642,126,2298,90,873,75,120,215,130,148,3649,366,432,97,1480,301,216,43,135,65,22,75
1643,155,2316,90,898,77,120,215,130,151,3673,367,436,98,1483,303,216,43,137,68,22,78
1644,167,2335,91,915,78,121,215,133,154,3687,369,518,99,1495,307,219,43,138,68,22,80
1645,175,2354,91,923,78,121,216,135,154,3705,374,523,100,1498,309,222,43,139,79,22,80
1646,195,2372,92,933,78,124,218,136,154,3718,376,525,102,1501,310,222,43,139,86,22,80
1647,207,2382,92,945,80,125,219,136,157,3744,377,528,102,1528,311,224,43,143,88,22,80
1648,219,2399,92,969,81,126,222,136,157,3763,378,531,103,1542,316,225,44,143,88,22,80
1649,229,2410,92,991,83,127,222,136,163,3791,379,536,104,1552,319,229,45,143,89,22,80
1650,234,2430,92,1015,84,130,222,137,165,3814,381,541,109,1560,323,231,45,144,92,22,83
1651,234,2445,92,1025,85,132,223,138,172,3842,381,547,109,1572,332,234,45,146,93,22,83
1652,236,2458,92,1036,89,135,224,139,176,3877,384,551,110,1584,336,237,46,148,93,22,83
1653,239,2473,92,1048,89,139,224,139,179,3903,387,555,110,1594,342,240,49,151,93,22,84
1654,250,2481,92,1057,89,142,224,140,183,3920,390,560,111,1614,347,242,51,153,95,23,86
1655,264,2497,92,1069,91,144,226,141,186,3945,392,565,113,1628,356,244,52,157,95,23,86
1656,267,2518,93,1078,91,145,230,142,187,3970,397,572,113,1640,363,250,52,161,97,24,86
1657,269,2531,93,1091,91,146,230,144,188,3996,402,572,113,1647,374,256,53,164,100,26,88
1658,274,2550,95,1113,91,146,230,145,189,4017,404,579,114,1659,383,260,53,165,101,26,89
1659,281,2569,96,1122,91,147,231,146,191,4046,405,584,114,1676,389,264,53,166,102,26,90
1660,320,2598,97,1138,92,147,231,148,198,4074,407,587,115,1691,395,268,53,170,104,26,91
1661,339,2623,97,1152,92,147,232,149,202,4103,410,591,115,1710,402,270,53,172,105,27,92
1662,340,2632,98,1165,92,148,233,150,206,4146,416,603,117,1718,405,276,53,175,105,27,93
1663,343,2651,100,1181,92,150,236,152,210,4182,419,607,118,1728,415,280,54,175,105,28,95
1664,347,2672,100,1191,92,153,240,152,216,4213,423,614,121,1745,424,281,56,178,107,28,96
1665,349,2687,102,1201,92,154,242,153,218,4239,430,617,124,1758,432,283,57,179,109,28,97
1666,362,2697,102,1216,92,156,243,153,220,4262,431,628,126,1775,436,284,59,180,112,28,98
1667,368,2707,102,1230,93,157,244,154,221,4292,436,636,127,1787,443,286,60,180,112,28,100
1668,374,2727,103,1251,94,157,244,155,224,4311,442,640,129,1803,453,287,61,182,116,28,101
1669,376,2745,104,1267,95,158,244,155,228,4326,446,645,130,1829,465,290,62,185,117,28,101
1670,382,2770,105,1285,96,160,248,157,231,4359,452,653,131,1840,475,298,62,190,131,28,101
1671,385,2785,107,1303,99,160,249,159,234,4395,453,662,131,1861,482,305,62,192,132,29,102
1672,388,2799,110,1320,100,163,255,161,235,4429,454,672,133,1875,492,308,62,196,133,29,107
1673,392,2822,113,1334,100,165,255,165,236,4459,455,682,134,1898,502,309,62,199,136,29,109
1674,394,2842,113,1345,100,165,257,167,236,4480,459,689,137,1914,512,313,62,204,136,29,112
1675,395,2859,114,1353,102,165,259,169,236,4509,463,700,140,1934,522,314,64,206,136,29,115
1676,396,2874,115,1364,103,166,261,172,237,4530,467,707,142,1942,527,316,66,208,137,29,116
1677,400,2899,117,1376,106,166,265,173,239,4554,469,718,143,1967,537,320,66,212,138,30,116
1678,407,2919,117,1389,107,167,267,176,239,4578,473,724,145,1982,547,324,66,213,139,30,117
1679,426,2934,118,1420,107,168,268,183,243,4627,473,735,148,1997,551,325,66,216,139,30,118
1680,467,2954,119,1442,107,168,269,187,251,4663,475,747,150,2020,560,328,66,217,139,30,120
1681,504,2969,120,1463,108,170,271,189,257,4712,477,758,151,2031,564,329,66,219,139,30,121
1682,526,3002,121,1480,108,173,273,192,264,4754,482,770,154,2050,571,335,66,222,155,30,122
1683,546,3022,123,1490,108,174,277,195,264,4774,488,784,158,2057,584,342,67,223,157,30,124
1684,557,3055,123,1514,108,177,278,195,265,4818,490,798,160,2066,592,348,68,226,159,30,124
1685,578,3081,123,1534,109,178,280,198,268,4852,493,807,164,2081,599,350,68,231,159,31,127
1686,581,3112,123,1552,110,179,282,202,270,4876,496,822,165,2092,611,356,68,232,159,31,128
1687,596,3136,123,1574,110,179,283,204,271,4897,499,834,168,2108,623,358,68,235,160,31,129
1688,624,3155,124,1601,110,184,287,207,273,4922,503,850,168,2126,629,362,69,235,161,31,131
1689,723,3176,124,1633,110,185,288,208,279,4952,505,862,168,2135,634,363,69,236,163,31,134
1690,747,3202,126,1644,111,186,291,210,283,4960,506,878,173,2155,637,365,69,238,163,31,137
1691,776,3225,128,1655,113,189,293,213,285,4971,507,895,177,2184,640,368,71,238,163,31,139
1692,826,3248,129,1667,113,193,299,214,287,4987,507,902,180,2209,644,369,71,241,164,32,143
1693,850,3278,129,1684,113,194,302,216,288,5005,510,909,185,2223,648,373,72,244,166,32,145
1694,867,3307,130,1692,113,196,308,220,291,5027,516,931,194,2245,653,379,72,246,168,32,148
1695,892,3326,132,1705,114,196,308,224,294,5046,520,942,196,2265,658,383,73,247,169,32,149
1696,904,3348,133,1718,114,196,309,234,299,5075,525,962,198,2289,663,393,75,248,169,32,151
1697,923,3372,135,1733,114,200,312,236,300,5090,527,982,198,2306,666,400,76,250,170,32,152
1698,937,3397,137,1742,115,206,317,238,302,5117,529,1000,198,2320,674,404,76,251,178,33,153
1699,951,3419,137,1753,115,214,320,240,304,5139,532,1021,200,2332,677,409,77,252,179,33,157
1700,975,3460,143,1780,115,217,325,245,306,5186,542,1109,208,2360,687,414,77,263,179,34,163
1701,987,3489,144,1797,115,219,328,247,307,5217,547,1126,210,2380,688,419,78,263,181,34,164
1702,1011,3518,144,1821,115,220,331,249,310,5242,552,1143,213,2403,694,423,78,266,184,34,170
1703,1020,3549,146,1839,115,220,333,250,313,5265,559,1161,213,2421,696,426,78,269,184,34,174
1704,1028,3571,147,1847,115,223,337,251,317,5290,562,1176,213,2436,703,428,78,270,185,34,177
1705,1039,3594,149,1856,115,226,338,253,319,5307,566,1192,216,2456,711,429,79,272,185,34,180
1706,1046,3619,149,1861,116,227,341,254,321,5319,567,1210,217,2472,719,431,83,273,185,34,182
1707,1056,3643,149,1871,116,231,344,255,322,5336,570,1233,222,2480,731,435,85,273,185,34,182
1708,1061,3660,150,1879,119,231,349,259,322,5350,576,1257,224,2504,736,439,86,274,186,34,187
1709,1066,3686,151,1889,120,235,354,262,325,5359,578,1279,224,2530,741,446,86,277,189,34,188
1710,1091,3709,151,1898,121,237,359,266,329,5388,581,1302,226,2550,744,450,87,278,190,34,192
1711,1119,3744,151,1914,122,237,363,266,333,5409,585,1319,226,2569,748,453,88,278,190,34,194
1712,1143,3776,151,1933,123,238,368,270,336,5428,586,1337,226,2591,755,453,91,278,192,34,197
1713,1158,3814,152,1956,123,239,373,274,339,5446,586,1350,226,2610,763,458,92,279,192,34,198
1714,1182,3846,154,1974,123,240,377,277,342,5461,589,1362,227,2619,773,468,93,282,235,34,202
1715,1208,3884,156,1988,124,242,383,280,343,5490,590,1375,229,2638,785,479,93,283,235,35,206
1716,1236,3912,158,2007,125,242,384,283,348,5527,593,1394,235,2656,800,484,96,285,236,35,208
1717,1254,3946,160,2017,125,244,387,287,350,5553,597,1421,236,2678,808,490,98,286,238,35,210
1718,1264,3977,163,2028,125,245,390,291,353,5590,600,1445,236,2700,820,494,98,287,240,35,212
1719,1278,4010,166,2039,125,248,392,293,360,5616,604,1468,237,2717,830,501,102,290,241,35,215
1720,1282,4046,168,2053,126,251,395,308,362,5639,609,1484,240,2733,844,506,103,291,243,35,216
1721,1290,4077,171,2067,128,253,397,315,366,5656,617,1507,244,2752,853,512,105,293,245,35,220
1722,1298,4111,171,2081,128,261,398,320,370,5679,625,1526,246,2769,861,522,107,294,245,35,224
1723,1305,4148,172,2096,129,263,399,322,371,5716,634,1552,248,2793,869,529,108,295,245,35,227
1724,1313,4187,173,2109,130,266,405,327,371,5748,640,1569,251,2809,870,533,108,303,246,35,231
1725,1324,4216,176,2124,132,273,411,328,374,5780,647,1600,254,2829,875,540,108,304,247,35,235
1726,1333,4247,178,2139,133,277,414,332,378,5812,651,1638,255,2865,887,544,112,311,247,35,237
1727,1346,4286,178,2164,134,281,415,336,380,5844,658,1663,255,2891,903,545,113,313,249,36,238
1728,1350,4332,180,2185,134,286,420,339,385,5863,661,1683,260,2918,913,548,113,316,249,36,241
1729,1359,4364,181,2195,135,288,422,340,387,5890,666,1713,262,2956,926,554,113,319,250,36,242
1730,1377,4390,182,2210,136,290,423,341,389,5919,673,1740,265,2988,935,561,114,322,251,37,242
1731,1393,4427,183,2222,139,291,425,342,393,5950,680,1770,268,3006,945,568,114,324,253,37,247
1732,1412,4482,187,2238,140,293,427,346,395,5978,686,1798,269,3042,947,574,114,326,253,37,253
1733,1436,4515,188,2249,140,298,430,352,395,5997,692,1816,272,3075,951,579,116,328,257,37,257
1734,1455,4538,191,2263,141,300,432,358,396,6031,697,1833,275,3100,957,584,119,331,259,37,261
1735,1465,4566,191,2285,142,302,433,365,396,6066,703,1848,278,3127,965,591,119,335,260,37,264
1736,1473,4593,192,2300,143,304,435,372,400,6089,710,1877,280,3150,969,598,120,339,261,37,268
1737,1485,4626,194,2309,143,307,439,373,401,6131,713,1908,282,3181,982,600,121,342,265,38,270
1738,1501,4670,194,2325,145,308,440,374,404,6163,717,1929,286,3204,994,605,121,343,265,38,272
1739,1516,4710,196,2351,145,312,444,376,408,6185,726,1946,291,3228,1005,610,121,348,267,38,277
1740,1536,4766,199,2367,150,318,447,385,408,6216,737,1965,294,3249,1024,623,121,355,272,39,284
1741,1559,4821,201,2378,150,328,454,389,418,6244,748,1978,297,3271,1037,626,121,360,272,39,289
1742,1583,4895,202,2394,150,333,455,391,420,6260,758,2000,302,3302,1053,632,122,362,273,39,290
1743,1610,4946,203,2417,152,338,455,391,421,6281,763,2020,307,3325,1061,640,122,365,275,40,295
1744,1627,4987,205,2443,153,344,459,398,423,6304,767,2042,310,3352,1076,643,123,366,276,40,299
1745,1653,5036,205,2456,153,345,467,404,430,6327,770,2061,312,3377,1089,647,124,368,278,41,301
1746,1690,5065,206,2471,160,349,469,407,432,6343,774,2078,314,3392,1110,657,124,368,280,42,302
1747,1721,5107,207,2485,161,353,471,412,437,6361,781,2109,317,3403,1126,663,124,374,281,42,307
1748,1752,5145,208,2493,164,358,474,415,440,6375,784,2131,319,3421,1140,671,126,378,283,42,311
1749,1775,5178,213,2508,175,362,481,417,444,6394,791,2156,322,3448,1156,678,128,380,283,43,316
1750,1822,5217,215,2530,175,363,485,425,452,6425,797,2182,330,3480,1181,686,131,386,285,43,322
1751,1866,5259,218,2545,176,364,489,435,455,6452,802,2210,332,3500,1199,691,133,396,287,43,327
1752,1892,5295,227,2555,178,368,492,438,457,6482,803,2234,338,3533,1220,698,133,398,288,44,331
1753,1916,5338,229,2578,180,371,496,455,462,6506,808,2272,343,3567,1234,706,135,400,290,46,334
1754,1944,5375,234,2596,188,373,498,470,472,6529,815,2303,346,3591,1254,713,138,401,292,47,341
1755,1972,5408,235,2618,205,382,503,476,477,6547,825,2335,355,3622,1270,716,143,404,293,47,345
1756,2011,5453,235,2645,220,388,511,484,481,6565,829,2366,361,3650,1294,723,145,406,296,48,353
1757,2043,5473,236,2663,234,390,513,492,485,6582,834,2392,369,3678,1311,732,147,407,303,49,357
1758,2083,5507,238,2685,240,394,517,504,491,6618,837,2412,376,3712,1323,734,149,416,303,49,362
1759,2116,5559,238,2700,246,397,517,511,497,6652,849,2439,379,3735,1360,745,151,419,304,50,368
1760,2139,5597,240,2719,268,402,524,525,504,6673,852,2480,383,3771,1372,752,155,428,306,51,373
1761,2168,5637,240,2740,275,403,527,529,510,6697,862,2503,386,3794,1394,760,155,432,308,52,377
1762,2207,5673,243,2767,277,409,531,537,515,6721,869,2534,390,3824,1412,766,161,437,312,53,380
1763,2250,5722,247,2790,284,420,535,543,523,6739,879,2573,395,3857,1433,772,164,445,315,54,385
1764,2287,5763,250,2822,288,429,538,549,536,6786,886,2615,397,3882,1452,781,168,450,319,54,395
1765,2324,5811,251,2838,303,432,542,555,541,6802,891,2656,398,3926,1466,797,173,455,320,54,397
1766,2340,5856,253,2861,326,434,549,562,546,6832,897,2696,404,3953,1481,802,176,464,326,54,401
1767,2366,5899,255,2883,335,435,556,571,550,6877,903,2735,409,3995,1499,811,182,469,332,54,409
1768,2397,5956,258,2897,347,441,566,574,556,6903,912,2778,418,4043,1522,822,187,475,335,55,415
1769,2414,5998,262,2921,363,453,568,577,563,6939,918,2827,423,4087,1543,833,192,480,340,55,417
1770,2446,6057,263,2955,376,460,581,587,568,6968,926,2894,429,4131,1564,842,198,489,340,55,424
1771,2460,6096,267,2982,381,465,584,595,571,7002,941,2951,436,4181,1588,857,203,492,348,56,431
1772,2482,6145,272,3005,389,469,591,605,575,7027,952,3016,440,4231,1615,869,207,496,349,56,435
1773,2510,6208,275,3032,405,472,597,615,583,7053,959,3086,443,4277,1632,875,215,500,350,56,440
1774,2557,6259,279,3055,442,481,602,636,593,7077,970,3142,450,4330,1653,890,219,508,352,57,452
1775,2603,6303,287,3088,479,486,608,644,606,7121,987,3210,455,4396,1676,908,225,514,357,59,457
1776,2633,6332,305,3118,571,491,615,659,619,7168,995,3279,457,4463,1699,917,229,526,369,60,470
1777,2653,6372,329,3148,594,492,624,671,628,7211,1006,3330,464,4552,1714,924,231,531,374,61,478
1778,2686,6406,350,3174,626,498,634,685,635,7249,1020,3384,471,4599,1733,935,234,536,379,62,484
1779,2715,6438,367,3205,651,502,639,702,638,7279,1028,3435,474,4643,1753,942,237,538,382,64,490
1780,2750,6479,375,3228,683,504,643,710,645,7309,1038,3494,483,4688,1764,950,241,550,386,65,496
1781,2776,6515,382,3252,704,508,643,730,657,7352,1045,3561,490,4744,1788,957,242,553,387,68,504
1782,2814,6551,397,3276,734,510,646,739,661,7375,1052,3634,493,4793,1802,964,244,559,389,69,510
1783,2886,6623,408,3317,765,511,654,755,672,7409,1064,3713,500,4852,1830,972,247,577,392,72,517
1784,2931,6692,425,3337,796,521,665,776,679,7439,1072,3779,508,4919,1851,981,248,608,395,72,522
1785,2980,6764,487,3367,815,524,675,807,688,7467,1083,3854,516,4984,1884,999,255,613,398,72,529
1786,3030,6826,541,3414,830,533,684,832,696,7553,1096,3914,529,5050,1911,1011,259,621,403,75,538
1787,3107,6889,566,3464,857,544,697,862,711,7598,1109,3986,540,5137,1946,1020,264,633,407,78,552
1788,3179,6983,595,3517,878,553,707,900,739,7656,1123,4049,546,5219,1988,1034,273,646,410,87,562
1789,3241,7061,601,3619,901,562,715,932,769,7689,1133,4118,550,5308,2018,1044,284,654,412,90,569
1790,3307,7160,609,3703,915,569,726,959,786,7734,1151,4190,559,5392,2042,1058,289,663,418,92,577
1791,3386,7262,612,3770,935,587,740,988,813,7805,1166,4279,568,5479,2061,1075,296,671,420,96,590
1792,3507,7363,616,3837,978,600,746,1019,848,7879,1190,4353,577,5582,2082,1099,301,688,429,98,601
1793,3619,7487,620,3909,1010,614,757,1039,869,7933,1209,4420,589,5695,2109,1127,307,698,441,99,610
1794,3744,7631,628,4012,1052,629,763,1067,890,8023,1226,4498,596,5834,2144,1152,310,706,448,104,625
1795,3879,7772,632,4090,1117,646,777,1097,906,8080,1238,4578,606,5980,2171,1181,316,715,452,106,629
1796,3993,7934,637,4146,1180,669,789,1131,925,8145,1253,4648,615,6115,2210,1194,323,729,457,111,639
1797,4082,8051,642,4220,1218,686,802,1172,938,8213,1264,4717,625,6231,2253,1216,336,738,463,113,648
1798,4182,8175,648,4278,1293,699,818,1205,945,8274,1278,4803,633,6367,2292,1242,345,745,470,115,657
1799,4267,8260,651,4322,1351,721,828,1239,966,8328,1290,4864,646,6503,2329,1269,356,760,476,118,663
1800,4420,8417,666,4425,1570,740,873,1316,989,8437,1326,5887,700,6875,2392,1289,374,791,494,124,680
1801,4481,8456,669,4483,1594,753,887,1335,1007,8472,1335,5968,707,6988,2425,1317,382,802,498,126,687
1802,4546,8499,673,4538,1612,775,901,1361,1026,8512,1347,6079,715,7106,2461,1347,393,814,505,128,700
1803,4611,8576,685,4601,1628,799,908,1374,1039,8566,1359,6205,728,7236,2497,1372,406,828,509,129,709
1804,4668,8621,692,4658,1656,816,925,1389,1047,8602,1371,6327,742,7340,2527,1398,416,839,514,129,718
1805,4724,8690,701,4706,1677,829,934,1410,1060,8648,1385,6460,756,7460,2547,1421,427,845,517,131,726
1806,4817,8745,708,4779,1700,844,944,1429,1068,8751,1394,6554,771,7613,2582,1441,439,847,525,133,739
1807,4869,8809,714,4860,1727,857,957,1443,1081,8824,1409,6669,782,7743,2615,1468,450,861,530,135,746
1808,4958,8870,717,4927,1776,878,971,1462,1094,8899,1415,6763,801,7884,2657,1491,466,870,538,137,754
1809,5023,8925,723,4992,1808,897,983,1474,1097,8958,1419,6830,815,8011,2692,1514,472,881,547,137,760
1810,5102,8997,736,5054,1847,914,993,1497,1106,9037,1434,6922,833,8254,2730,1536,478,894,551,142,768
1811,5180,9069,745,5110,1872,932,1002,1522,1113,9105,1448,7010,847,8386,2759,1560,489,903,555,144,778
1812,5285,9124,750,5164,1946,965,1018,1534,1131,9173,1457,7105,854,8500,2796,1580,494,916,559,144,792
1813,5362,9206,756,5238,1987,980,1024,1548,1140,9224,1470,7199,867,8650,2824,1603,501,922,565,148,798
1814,5451,9269,758,5329,2024,1012,1032,1564,1150,9274,1478,7282,876,8810,2861,1611,507,932,569,149,811
1815,5527,9350,760,5416,2069,1025,1048,1585,1165,9322,1490,7345,887,8997,2884,1633,516,944,577,149,820
1816,5596,9409,772,5513,2106,1039,1061,1604,1186,9378,1503,7426,909,9150,2913,1654,518,960,581,153,834
1817,5671,9480,775,5614,2133,1060,1071,1629,1201,9444,1524,7499,930,9289,2951,1677,520,970,582,155,840
1818,5780,9578,778,5704,2180,1093,1096,1651,1218,9528,1549,7576,943,9463,2993,1704,535,981,591,158,852
1819,5888,9668,791,5813,2226,1134,1109,1688,1235,9617,1564,7649,961,9610,3028,1732,541,999,596,159,861
1820,6047,9751,801,5954,2262,1167,1123,1718,1260,9715,1582,7744,984,9804,3078,1756,545,1014,601,163,871
1821,6181,9840,816,6053,2290,1196,1136,1746,1282,9778,1606,7826,1001,9967,3126,1774,550,1027,604,165,882
1822,6310,9912,822,6157,2332,1236,1154,1787,1288,9882,1631,7910,1017,10167,3179,1797,559,1051,608,168,898
1823,6394,9990,832,6269,2362,1256,1167,1828,1308,9961,1655,7993,1046,10350,3224,1830,567,1069,608,171,914
1824,6504,10082,843,6367,2405,1298,1189,1865,1325,10075,1671,8078,1073,10588,3276,1860,573,1093,613,173,923
1825,6607,10161,856,6484,2452,1342,1207,1895,1342,10168,1699,8162,1092,10830,3334,1894,584,1140,618,178,937
1826,6767,10243,870,6600,2494,1387,1220,1939,1364,10238,1732,8239,1109,11005,3395,1920,594,1164,620,181,949
1827,6886,10347,881,6697,2557,1427,1234,1968,1379,10303,1752,8304,1122,11221,3451,1940,604,1193,623,183,963
1828,7037,10436,903,6827,2629,1472,1248,2007,1401,10375,1781,8398,1142,11427,3510,1968,617,1223,624,190,978
1829,7154,10539,914,6964,2690,1514,1264,2051,1419,10453,1812,8479,1165,11631,3564,1999,625,1250,626,193,992
1830,7360,10664,932,7085,2744,1554,1293,2122,1430,10545,1844,8558,1186,11868,3626,2027,633,1280,630,198,1013
1831,7457,10785,943,7182,2798,1588,1308,2171,1450,10620,1877,8631,1208,12061,3699,2066,637,1302,633,200,1022
1832,7619,10923,963,7283,2884,1620,1319,2225,1474,10699,1903,8710,1221,12308,3765,2115,647,1322,642,200,1036
1833,7765,11079,981,7411,2962,1655,1334,2297,1495,10770,1933,8792,1244,12540,3840,2154,660,1344,649,202,1043
1834,7906,11198,986,7524,3034,1702,1350,2361,1518,10884,1969,8879,1275,12767,3910,2188,668,1365,651,206,1061
1835,8014,11333,1004,7647,3109,1754,1369,2414,1543,10972,2004,8973,1302,13031,3994,2228,678,1387,655,211,1078
1836,8214,11498,1013,7796,3202,1794,1384,2476,1558,11054,2031,9053,1339,13284,4069,2267,687,1418,661,217,1102
1837,8306,11638,1025,7938,3265,1844,1399,2564,1583,11154,2066,9142,1367,13504,4136,2307,698,1448,664,220,1120
1838,8377,11741,1033,8081,3352,1909,1418,2633,1604,11233,2105,9249,1391,13742,4210,2350,713,1483,672,223,1139
1839,8425,11884,1042,8244,3447,1991,1434,2707,1632,11347,2145,9358,1422,14043,4301,2387,724,1508,684,224,1161
1840,8499,12036,1067,8409,3572,2036,1461,2809,1660,11447,2179,9479,1454,14328,4381,2425,742,1535,694,226,1185
1841,8550,12173,1088,8553,3660,2100,1476,2882,1686,11532,2206,9589,1482,14631,4460,2451,760,1572,715,230,1208
1842,8583,12323,1110,8694,3719,2152,1489,2957,1719,11611,2246,9677,1511,14912,4539,2493,774,1602,721,237,1230
1843,8635,12482,1132,8854,3779,2215,1510,3006,1741,11696,2289,9798,1540,15188,4626,2541,801,1624,732,242,1249
1844,8677,12665,1149,9027,3870,2306,1525,3062,1767,11789,2322,9916,1563,15505,4708,2597,827,1665,735,252,1268
1845,8721,12858,1163,9238,3958,2402,1548,3131,1799,11899,2368,10033,1609,15904,4809,2660,840,1704,742,259,1295
1846,8755,13069,1185,9400,4048,2510,1563,3210,1827,12016,2407,10172,1649,16260,4909,2716,862,1740,751,262,1319
1847,8797,13252,1203,9598,4179,2585,1591,3270,1845,12102,2454,10300,1683,16574,5012,2777,887,1763,759,267,1351
1848,8843,13410,1228,9779,4378,2664,1612,3341,1894,12204,2486,10401,1723,16849,5089,2829,900,1788,773,276,1379
1849,8882,13561,1242,9934,4472,2762,1637,3407,1930,12292,2506,10497,1768,17129,5174,2877,919,1826,782,282,1412
1850,8945,13777,1270,10141,4672,2866,1674,3506,1958,12414,2544,10620,1818,17503,5271,2938,940,1868,797,286,1439
1851,8985,13958,1298,10382,4781,2958,1702,3601,2008,12510,2581,10741,1860,17827,5363,2990,963,1926,804,298,1465
1852,9024,14160,1334,10613,4927,3061,1742,3679,2041,12635,2618,10878,1900,18181,5492,3055,999,1987,811,312,1484
1853,9055,14395,1364,10842,5045,3166,1773,3766,2077,12757,2672,10999,1942,18560,5599,3127,1020,2044,830,318,1510
1854,9100,14613,1397,11103,5185,3259,1802,3843,2110,12874,2717,11126,1974,18922,5721,3200,1038,2108,841,327,1541
1855,9139,14821,1423,11328,5295,3365,1838,3924,2153,13003,2771,11245,2011,19311,5854,3279,1054,2157,853,334,1567
1856,9178,15031,1464,11537,5493,3517,1865,4000,2203,13150,2821,11384,2044,19756,5962,3344,1073,2200,871,352,1601
1857,9198,15232,1505,11759,5591,3628,1892,4074,2229,13295,2869,11512,2091,20117,6075,3395,1099,2252,886,362,1641
1858,9236,15456,1542,11955,5673,3764,1918,4180,2261,13426,2910,11650,2128,20442,6212,3444,1120,2301,901,369,1685
1859,9276,15706,1569,12197,5795,3881,1954,4293,2300,13541,2956,11782,2176,20839,6316,3504,1148,2356,909,376,1709
1860,9324,15972,1607,12461,6089,3997,2005,4379,2351,13681,3005,11959,2221,21291,6452,3575,1179,2417,929,384,1746
1861,9360,16139,1638,12656,6463,4075,2032,4459,2438,13780,3040,12110,2252,21583,6556,3615,1200,2465,988,393,1785
1862,9391,16296,1661,12868,6856,4150,2061,4536,2515,13885,3076,12255,2291,21869,6648,3649,1229,2511,1045,407,1811
1863,9426,16491,1694,13035,7378,4244,2095,4667,2654,13963,3112,12391,2316,22191,6742,3689,1251,2552,1110,421,1846
1864,9487,16669,1731,13229,7863,4321,2131,4802,2893,14060,3151,12567,2360,22606,6848,3726,1271,2617,1149,443,1887
1865,9557,16884,1768,13408,8417,4433,2162,4904,3002,14151,3188,12737,2399,23008,6946,3765,1293,2682,1180,452,1919
1866,9856,17084,1794,13592,8644,4546,2194,4986,3056,14249,3239,12896,2449,23472,7093,3820,1326,2732,1192,469,1951
1867,9891,17266,1831,13812,8817,4659,2220,5118,3111,14338,3287,13089,2504,23984,7241,3884,1360,2813,1206,473,2010
1868,9897,17457,1868,14031,8973,4797,2268,5241,3182,14452,3341,13281,2564,24478,7396,3957,1380,2895,1222,480,2058
1869,9913,17691,1901,14270,9054,4952,2304,5364,3244,14564,3382,13506,2603,24941,7542,4006,1404,2963,1232,492,2088
1870,9930,17902,1941,14483,9157,5092,2355,5523,3290,14692,3443,13729,2661,25501,7695,4078,1436,3027,1245,504,2138
1871,9941,18088,1971,14734,9213,5221,2393,5637,3362,14809,3499,13954,2694,26025,7835,4148,1469,3093,1274,508,2176
1872,9958,18300,2021,14991,9325,5352,2440,5768,3431,14954,3569,14204,2751,26582,8017,4215,1492,3185,1288,514,2222
1873,9976,18530,2073,15219,9396,5496,2494,5878,3483,15091,3627,14440,2817,27142,8213,4274,1522,3271,1304,525,2273
1874,9995,18769,2119,15513,9506,5652,2548,6022,3545,15226,3704,14682,2858,27725,8412,4340,1546,3368,1322,540,2328
1875,10006,18995,2152,15801,9600,5806,2609,6156,3595,15356,3779,14920,2930,28305,8623,4388,1574,3462,1338,548,2386
1876,10026,19233,2202,16052,9732,6027,2663,6283,3650,15509,3858,15218,2999,28906,8803,4463,1601,3563,1352,556,2442
1877,10040,19460,2255,16355,9807,6178,2715,6427,3724,15640,3928,15510,3076,29520,8990,4520,1636,3652,1370,566,2497
1878,10067,19656,2317,16638,9885,6344,2780,6597,3768,15775,3992,15804,3181,30137,9180,4591,1666,3766,1381,573,2573
1879,10092,19891,2366,16965,9986,6514,2837,6745,3823,15919,4067,16082,3275,30763,9375,4678,1701,3837,1401,581,2639
1880,10115,20152,2443,17301,10106,6671,2925,6898,3884,16062,4144,16445,3386,31659,9567,4771,1753,3933,1420,587,2699
1881,10128,20435,2500,17618,10214,6842,2991,7066,3940,16203,4202,16738,3494,32356,9743,4861,1789,4025,1435,593,2777
1882,10150,20702,2539,17931,10345,7009,3065,7214,4001,16365,4260,17058,3598,33152,9965,4937,1840,4144,1450,602,2861
1883,10168,20990,2607,18288,10475,7211,3131,7346,4061,16530,4326,17411,3695,34050,10183,5024,1896,4263,1465,614,2948
1884,10195,21296,2667,18625,10617,7421,3209,7498,4131,16662,4424,17791,3784,34888,10401,5115,1952,4394,1481,624,3016
1885,10215,21556,2720,18954,10766,7610,3286,7655,4207,16849,4522,18164,3886,35765,10622,5212,1998,4487,1492,633,3096
1886,10234,21820,2769,19297,10894,7803,3356,7852,4268,16986,4627,18526,3980,36680,10810,5300,2050,4584,1505,643,3193
1887,10254,22109,2839,19657,11065,7988,3423,8067,4327,17170,4711,18921,4055,37656,11069,5392,2095,4695,1533,647,3277
1888,10270,22426,2911,20012,11213,8223,3488,8281,4383,17327,4795,19327,4174,38790,11326,5472,2137,4804,1556,657,3377
1889,10291,22775,2982,20375,11375,8426,3572,8462,4459,17469,4904,19738,4274,39795,11595,5551,2186,4921,1582,666,3476
1890,10316,23158,3066,20789,11573,8667,3684,8692,4545,17652,5009,20152,4398,40948,11840,5648,2238,5073,1613,676,3571
1891,10337,23513,3145,21169,11750,8884,3750,8926,4619,17787,5109,20538,4503,42056,12135,5740,2282,5220,1632,687,3677
1892,10356,23849,3231,21543,12021,9099,3842,9158,4711,17956,5214,20984,4639,43258,12449,5838,2323,5358,1652,694,3792
1893,10398,24241,3296,21933,12234,9356,3929,9432,4799,18127,5333,21448,4741,44451,12806,5952,2371,5549,1674,709,3900
1894,10429,24592,3383,22342,12394,9544,4043,9665,4887,18312,5423,21926,4833,45703,13129,6063,2428,5722,1697,724,4009
1895,10453,24959,3459,22804,12567,9781,4142,9940,4982,18496,5522,22448,4981,47193,13500,6184,2484,5878,1721,738,4132
1896,10472,25375,3535,23296,12779,10042,4245,10217,5102,18665,5640,23029,5123,48721,13930,6278,2538,6040,1747,752,4270
1897,10491,25829,3631,23781,12957,10344,4353,10477,5202,18870,5769,23611,5256,50183,14346,6397,2586,6207,1782,768,4428
1898,10523,26321,3738,24370,13235,10603,4468,10788,5320,19041,5886,24134,5410,51909,14736,6517,2659,6377,1814,787,4545
1899,10546,26914,3853,24964,13538,10827,4565,11073,5453,19238,6017,24638,5559,53638,15164,6607,2713,6536,1848,800,4685
1900,10727,28609,4510,27485,13833,11540,5076,13075,5849,20237,7308,27248,6278,58071,16409,6959,3047,7612,1980,868,5365
1901,10771,29223,4616,28141,14038,11843,5182,13426,5955,20418,7465,27693,6492,59960,16922,7075,3125,7827,2010,883,5505
1902,10846,29927,4731,28888,14288,12198,5327,13856,6112,20630,7621,28140,6734,62025,17557,7185,3230,8087,2035,898,5700
1903,10884,30605,4861,29589,14552,12560,5463,14379,6263,20855,7831,28608,6981,64065,18280,7339,3358,8379,2073,911,5886
1904,10915,31253,5002,30244,14802,12956,5600,14912,6414,21067,8047,29064,7259,66064,19023,7468,3475,8711,2098,938,6070
1905,10963,31831,5135,30930,15035,13328,5727,15422,6589,21273,8253,29508,7541,68016,19712,7623,3592,9014,2134,950,6279
1906,11003,32492,5248,31587,15263,13680,5875,15980,6773,21539,8445,29983,7791,69960,20301,7761,3721,9375,2165,968,6463
1907,11054,33198,5394,32299,15492,14029,6006,16639,7004,21748,8660,30474,8083,71942,20853,7916,3867,9788,2193,986,6663
1908,11102,33904,5552,32998,15734,14401,6137,17356,7259,21982,8872,30995,8466,73917,21408,8097,4003,10257,2227,1012,6863
1909,11178,34599,5702,33748,16061,14800,6290,18114,7498,22238,9102,31516,8815,76147,21947,8287,4149,10744,2273,1034,7036
1910,11242,35334,5856,34527,16320,15267,6491,19053,7766,22490,9361,32049,9179,78588,22538,8500,4369,11266,2334,1071,7277
1911,11313,36120,5994,35378,16552,15665,6665,19993,8097,22771,9645,32602,9535,81153,23190,8748,4617,11819,2398,1093,7476
1912,11367,36916,6189,36301,16811,16088,6885,20979,8455,23059,9960,33193,9938,83892,23896,9007,4861,12378,2457,1127,7703
1913,11416,37650,6410,37133,17072,16508,7071,22005,8771,23324,10269,33783,10343,86575,24553,9259,5098,12917,2493,1158,7944
1914,11475,38359,6629,38226,17296,16944,7249,22917,9083,23602,10589,34375,10702,89080,25186,9482,5293,13464,2584,1185,8188
1915,11523,38950,6791,39920,17512,17303,7408,23827,9381,23840,10866,34860,10909,91302,25721,9701,5468,13998,2681,1223,8408
1916,11576,39582,6931,41304,17762,17713,7555,24670,9654,24074,11139,35338,11106,93644,26251,9948,5620,14531,2794,1265,8621
1917,11638,40326,7064,42744,17980,18049,7681,25555,9939,24273,11439,35865,11287,95807,26738,10181,5789,15076,3016,1312,8813
1918,11670,40969,7174,44315,18169,18371,7784,26426,10235,24451,11665,36402,11456,97948,27194,10373,5929,15588,3191,1378,8998
1919,11714,41628,7314,46047,18397,18720,7903,27559,10550,24701,11909,36980,11651,100309,27679,10570,6078,16107,3274,1419,9135
1920,11781,42498,7454,47479,18632,19142,8085,28683,10849,24926,12176,37689,11964,103293,28312,10816,6234,16762,3346,1451,9339
1921,11842,43292,7599,48595,18866,19479,8289,29736,11131,25168,12454,38524,12283,106093,29019,11052,6382,17309,3393,1483,9555
1922,11903,44356,7742,49690,19090,19865,8515,30971,11381,25451,12826,39447,12673,109416,29826,11321,6555,17909,3435,1508,9784
1923,11987,45502,7938,50841,19293,20271,8788,32159,11661,25717,13177,40418,13114,113020,30688,11622,6752,18487,3472,1538,10040
1924,12098,46705,8105,52107,19534,20719,9063,33426,11961,26101,13584,41432,13592,116881,31519,11922,6954,19113,3517,1579,10318
1925,12224,48006,8307,53516,19798,21207,9383,34729,12269,26467,14065,42546,14102,120957,32470,12253,7155,19731,3562,1624,10640
1926,12372,49232,8522,54740,20072,21707,9690,36104,12624,27000,14546,43582,14645,125041,33435,12642,7365,20373,3593,1661,10993
1927,12604,50592,8737,56155,20346,22194,10025,37592,13026,27459,15048,44915,15176,129552,34447,13017,7575,21055,3632,1704,11334
1928,12796,51944,8974,57757,20617,22723,10395,39095,13480,28076,15567,46442,15761,134528,35505,13397,7817,21789,3682,1744,11694
1929,13066,53355,9227,59406,20946,23304,10766,40795,13855,28579,16117,47878,16359,139567,36548,13781,8032,22507,3722,1792,12085
1930,13239,54820,9499,61273,21271,24015,11178,42676,14309,29206,16710,49347,17008,144925,37665,14179,8291,23346,3774,1852,12550
1931,13403,56202,9748,63002,21678,24545,11576,44500,14771,29732,17327,50903,17554,149718,38804,14614,8560,24112,3828,1897,12988
1932,13523,57460,9975,64712,22062,25089,11977,46356,15247,30337,17899,52300,17969,154233,39861,15013,8803,24783,3887,1941,13398
1933,13631,58795,10190,66451,22351,25650,12324,48294,15669,30861,18440,53856,18403,158262,40870,15357,9046,25474,3956,1979,13818
1934,13741,60514,10443,68353,22621,26259,12721,50353,16155,31414,19028,55513,18869,162870,42027,15765,9277,26210,4042,2029,14206
1935,13855,62248,10690,70307,22924,27029,13149,52485,16638,32034,19618,57293,19373,167850,43234,16186,9563,27071,4137,2079,14701
1936,14016,63838,10950,72394,23221,27856,13598,54716,17155,32646,20236,59109,19964,172788,44453,16646,9928,28003,4236,2129,15186
1937,14137,65442,11270,74640,23535,28676,14059,57039,17699,33393,20867,61093,20575,177819,45719,17105,10304,29009,4358,2188,15727
1938,14287,67006,11544,76858,23892,29559,14488,59432,18263,34128,21517,63271,21154,182833,46965,17603,10675,30013,4473,2246,16209
1939,14412,68469,11848,79179,24241,30431,14930,61945,18862,34835,22251,65441,21737,187726,48272,18124,11079,31114,4628,2315,16716
1940,14556,70096,12178,81738,24615,31278,15325,64531,19428,35524,22906,67693,22319,192963,49458,18674,11448,32273,4824,2392,17269
1941,14736,71504,12500,84039,25012,32142,15696,66970,19938,36148,23541,69794,22845,197833,50662,19236,11833,33494,5086,2489,17752
1942,14872,72952,12795,86605,25407,32958,16047,69243,20426,36736,24060,71821,23360,202575,51826,19811,12209,34743,5437,2600,18216
1943,14990,74318,13021,89153,25762,33696,16394,71174,20887,37294,24533,73771,23920,207313,52945,20374,12570,35964,5733,2745,18594
1944,15096,75599,13205,91415,26077,34388,16712,73024,21337,37782,25065,75805,24480,212050,53953,20893,12886,37021,5970,2857,18909
1945,15186,76869,13401,93926,26360,35096,16991,74917,21897,38370,25518,77481,25071,216409,54802,21345,13162,37822,6120,2920,19230
1946,15323,78499,13709,96624,26728,35893,17372,77035,22519,39099,26107,79677,25836,222141,55892,21892,13534,38883,6253,2977,19600
1947,15447,80164,14063,98958,27075,36618,17808,79182,23105,39979,26769,81873,26715,227848,57159,22424,13999,40092,6360,3047,20019
1948,15593,81896,14357,101219,27406,37321,18320,81372,23849,40917,27549,84575,27710,232891,58673,22906,14443,41349,6474,3118,20454
1949,15747,83598,14703,103374,27720,38083,18907,83823,24519,41918,28368,87439,28658,238275,60254,23425,14980,42775,6577,3195,20916
1950,15918,85607,15063,105804,28094,38974,19508,86507,25151,43084,29309,90373,29656,244437,61997,23955,15485,44283,6720,3281,21533
1951,16084,87381,15399,108001,28422,39713,20136,89033,25776,44142,30169,93104,30487,250166,63633,24509,15986,45630,6898,3372,22049
1952,16265,89239,15729,110233,28816,40426,20767,91524,26392,45197,30992,95584,31345,256315,65298,25068,16521,47023,7042,3455,22576
1953,16446,91262,16133,112444,29184,41243,21450,94072,26977,46323,31917,97957,32237,262557,67049,25600,17134,48498,7193,3542,23119
1954,16624,93339,16519,114610,29569,42117,22081,96695,27648,47598,32838,99795,33169,268758,68807,26177,17722,49968,7366,3631,23655
1955,16893,95514,16918,117018,29941,42972,22740,99535,28399,48883,33861,101621,34132,275105,70622,26764,18320,51604,7532,3744,24273
1956,17114,97775,17327,119435,30378,43869,23465,102518,29150,50155,34906,103495,35120,281487,72498,27307,18861,53205,7722,3862,24874
1957,17305,100016,17702,122027,30801,44759,24128,105545,29880,51530,35937,105714,36169,288333,74516,27932,19401,54691,7924,3957,25461
1958,17526,102342,18173,124741,31239,45649,24894,108831,30639,52937,37039,108063,37360,294997,76699,28621,19952,56420,8135,4052,26179
1959,17788,104877,18954,127535,31796,46612,25691,112584,31481,54405,38323,110812,38635,301929,79252,29309,20525,58266,8342,4175,26936
1960,18127,107962,19761,131100,32443,47846,26676,117136,32515,56056,39959,114146,40124,310755,82344,30122,21272,60507,8599,4309,27935
1961,18382,111122,20337,134601,33122,49078,27663,121711,33520,57862,41632,117154,41546,319676,85431,30955,21922,62624,8827,4445,28853
1962,18648,114774,20951,138646,33836,50383,28729,126977,34693,59780,43485,120479,43185,332239,88783,31905,22668,65040,9136,4578,29873
1963,19019,119029,21603,142876,34575,51675,29925,132768,35913,61901,45522,124293,44942,345215,92705,33005,23509,67730,9450,4721,30942
1964,19398,123595,22309,147796,35536,53153,31266,139300,37281,63846,47769,129141,46885,358813,96959,34287,24366,70488,9774,4856,32108
1965,19832,128509,23028,153395,36510,54742,32643,146709,38820,66397,50349,133218,49115,373983,101495,35630,25348,73804,10095,5038,33544
1966,20396,134945,23965,160380,37457,56640,34451,156315,40898,69382,53665,136538,52210,394552,107687,37740,26923,78359,10557,5300,35449
1967,21065,142349,25139,168790,38607,58924,36670,167696,43495,72953,57706,139362,55974,418119,114698,40146,28909,83962,11136,5605,37730
1968,21830,150750,26457,178564,40204,61410,39301,181296,46258,77021,62110,142833,60236,444903,122783,43160,31066,90190,11778,5966,40303
1969,22484,158729,27794,188316,42272,63860,41923,194925,48980,81087,66686,146858,64431,471484,130356,46120,33365,96496,12431,6325,42767
1970,23243,167142,29390,198469,44428,66529,44720,209923,51965,85879,71614,151161,68719,499243,138026,49188,35679,103292,13112,6696,45397
1971,24127,174876,30918,208128,46325,69028,47395,225304,54980,90488,76298,154967,73143,524998,145416,52479,37806,109717,13823,7051,48037
1972,24988,182903,32590,218102,48064,71584,50434,241360,58181,95457,81540,159073,77513,551590,152884,56107,40064,116164,14545,7387,50881
1973,25806,191203,34141,228195,49675,74384,53557,259104,61296,100713,86715,164839,82145,579123,160651,60173,42283,123056,15179,7720,53943
1974,26614,199998,35939,239095,51303,77372,57257,278778,64666,106897,92622,169944,87367,607870,169005,64528,44788,130843,15881,8068,57192
1975,27365,209723,37715,250963,52937,80562,61280,300278,68086,113606,99256,175911,92900,637822,177659,69486,47511,139324,16676,8504,60602
1976,28139,219743,39708,262721,54824,84601,65749,323298,71848,120912,106586,183653,98947,670296,186026,74874,50339,148733,17553,8945,64359
1977,28953,230302,41975,274762,56371,87680,70270,346803,75673,128700,113873,195167,105056,704151,194863,80111,53259,158575,18513,9420,68210
1978,29771,240486,45019,287021,57769,91098,74686,369791,79468,136753,120759,209700,111006,736808,203909,84936,55917,168415,19310,9854,72141
1979,30571,250400,48863,299218,59074,94503,78832,393323,83171,144897,127131,226098,116908,765947,213072,89738,58389,178048,20185,10280,75839
1980,31447,260500,52549,311807,60492,98355,83030,416890,86711,153168,132803,246833,123117,793363,222069,94783,60832,187780,21167,10685,79715
1981,32250,270569,55896,324549,61756,101731,87145,440495,90344,161431,138224,267911,129842,819880,231320,99852,63285,198154,22193,11149,83509
1982,33036,281726,60039,338054,63030,105465,91335,464849,93993,171180,143735,290266,137070,846280,240608,105060,65661,208187,23393,11564,87472
1983,33791,293044,64704,351986,64311,109461,95551,489236,97722,181438,149051,313802,144199,873348,250012,110465,68072,218381,24601,12019,91238
1984,34493,304466,68769,366498,65734,113558,99936,514292,101448,192510,154502,340203,151250,901130,260424,115928,70454,228805,25967,12476,95043
1985,35236,316032,73019,381162,67150,117894,104047,538797,105156,203038,159106,371097,158170,929554,270528,121348,72715,238990,27308,12966,98764
1986,35875,327212,77256,394609,68629,122196,107932,562239,108872,213878,163232,395293,164706,957319,280275,126692,74885,248889,28764,13442,102241
1987,36608,338919,81555,408814,70255,126513,111808,585854,112602,223943,167366,423178,171393,986025,290138,132187,77099,258261,30106,13861,105891
1988,37297,351179,86196,423869,71920,131048,115854,610354,116460,234021,171641,453449,178162,1014997,300327,137531,79288,267431,31391,14257,109580
1989,37906,363658,90506,439728,73617,135321,120191,635537,120399,244405,175921,483799,185356,1044013,310965,142848,81592,277124,32650,14656,113115
1990,38554,377323,94663,456344,75384,139479,124772,662575,124457,256727,180278,513834,192844,1074529,321938,148600,84060,287859,33899,15059,116611
1991,39148,391591,98597,473350,77432,143661,129581,689776,128689,269760,184368,536641,200617,1107775,332992,154773,86680,298587,35124,15427,119885
1992,39695,406453,102572,490642,79786,148293,134602,717588,132897,283192,188581,552697,208605,1145637,344143,161534,89308,308867,36349,15811,123188
1993,40276,421244,106281,508949,81916,152586,139876,745478,137367,296911,193028,568282,216552,1185377,354730,168260,91908,319096,37594,16227,126349
1994,40861,435860,110433,527038,84005,157247,145333,773402,142056,310737,197500,581209,224491,1226365,365270,175032,94332,328895,38743,16625,129487
1995,41462,450599,114756,545400,86136,161854,150698,798649,146445,323210,201640,592911,232259,1265043,375374,181487,96838,338797,39944,17033,132367
1996,42083,466095,119220,562872,88388,166431,156281,824318,150883,335325,205747,605520,240395,1304072,385557,188237,99287,348933,41225,17463,135003
1997,42751,481699,123842,581181,90569,171176,162154,850220,155227,349020,209998,621343,248742,1343798,395680,195347,101859,359392,42502,17873,137502
1998,43310,497616,128441,600287,92866,176256,168333,876527,159851,363970,214421,639515,257352,1384218,405735,202420,104717,369743,43821,18311,139881
1999,43746,514380,133051,620036,95110,181376,174642,902586,164572,379674,218933,660152,266059,1424159,415901,209706,107569,380140,45227,18728,142128
2000,44188,532126,138044,640867,97457,186657,181119,929640,169745,396192,223695,682838,275592,1465678,426822,216874,110565,390891,46766,19221,144420
2001,44622,549423,142348,661040,99734,191359,187516,955992,174846,412460,227894,704695,284897,1506945,437443,223819,113430,401072,48394,19670,146474
2002,45073,567487,146415,681445,102321,196058,194140,983503,180202,429377,232091,726998,294397,1549799,448355,230918,116210,411659,49972,20095,148661
2003,45447,585396,151122,701309,105331,201200,200504,1010426,185283,446768,236265,748453,303663,1590203,459272,237932,119085,422440,51533,20535,150526
2004,45819,603469,155918,722095,108297,206550,206763,1038687,190769,464300,240477,770712,312917,1630401,470323,245301,122007,433136,53073,20998,152474
2005,46194,621911,160605,744081,110887,211704,213265,1067853,196346,481356,245249,792485,322602,1674014,481487,252808,124915,443778,54726,21422,154344
2006,46576,640663,164935,765275,113341,217046,219970,1097366,202182,498246,250305,811818,332672,1718124,492989,260828,127698,455232,56627,21906,156186
2007,47003,659529,169118,786940,115677,222130,226972,1126112,208011,514688,255244,829977,342807,1762897,504744,268670,130531,466742,58530,22409,158081
2008,47395,678303,173296,808952,118154,227058,233927,1153317,213704,530874,260129,846640,353080,1807612,516242,276064,133215,477754,60287,22848,159911
2009,47753,697144,177458,830707,120599,231954,240674,1180473,219464,548932,265035,863258,363200,1853689,527343,283494,135869,488806,62025,23336,161538
2010,48103,715467,181372,852114,122655,236621,247149,1206698,224829,565768,269608,879832,373258,1900348,538188,290944,138256,499536,63736,23752,163138
2011,48462,731543,184939,871123,124551,240439,252993,1230338,229871,580738,273800,894966,381887,1943580,547925,297773,140529,509069,65139,24155,164477
2012,48702,744463,186511,884048,126370,243002,257735,1247226,233742,592171,277039,907330,387254,1978475,556406,302799,142172,516941,66273,24423,165376
2013,48802,751514,187124,888593,127718,244469,260439,1256554,235631,596845,279110,911853,389009,1996482,561740,306359,143186,521432,66870,24563,165806
2014,48830,752991,187200,889374,128228,244916,261440,1259399,236059,597480,279653,912174,389462,2001894,563802,308229,143567,522833,66988,24600,165925
2015,48832,753026,187204,889411,128244,244929,261486,1259563,236068,597492,279687,912189,389474,2002012,564102,308338,143600,522950,67000,24606,165925
2016,48832,753028,187204,889411,128244,244929,261486,1259564,236068,597492,279687,912189,389474,2002015,564106,308338,143600,522950,67000,24607,165925
2017,48832,753028,187204,889411,128244,244929,261486,1259565,236068,597492,279687,912189,389474,2002016,564106,308338,143600,522950,67000,24607,165925
2018,48832,753028,187204,889411,128244,244929,261486,1259565,236068,597492,279687,912189,389474,2002018,564106,308338,143600,522950,67000,24607,165925
2020,48832,753028,187204,889411,128244,244929,261486,1259566,236068,597492,279687,912189,389474,2002019,564106,308338,143600,522950,67000,24607,165925
