pub_year,DJK -- Eastern Europe (General) [ABSENT],DK -- Russia / Former Soviet States [ABSENT],DS -- Asia [ABSENT],DT -- Africa [ABSENT],E18 -- African American History (E185) [ABSENT],E99 -- Native Americans (E99) [ABSENT],HA -- Statistics [ABSENT],HB -- Economic Theory [ABSENT],HC -- Economic History [ABSENT],HD -- Land/Agriculture Economics [ABSENT],HE -- Transportation & Communications [ABSENT],HF -- Commerce [MERGED],HG -- Finance [ABSENT],HJ -- Public Finance [MERGED],HM -- Sociology [ABSENT],HN -- Social History & Conditions [ABSENT],HQ -- Family / Gender / Sexuality [ABSENT],HS -- Societies / Clubs [ABSENT],HT -- Communities / Classes / Race [ABSENT],HV -- Social Pathology / Criminology [ABSENT],HX -- Socialism / Communism / Anarchism [ABSENT],PA -- Classical Languages & Literature [MERGED],PB -- Celtic Languages [MERGED],PC -- Romanic Languages [MERGED],PD -- Germanic Languages [MERGED],PE -- English Language [MERGED],PF -- West Germanic Languages [MERGED],PG -- Slavic Languages & Literatures [ABSENT],PH -- Uralic & Basque Languages [ABSENT],PJ -- Oriental Languages & Literature [ABSENT],PK -- Indo-Iranian Languages [ABSENT],"PL -- Languages of E Asia, Africa, Oceania [ABSENT]",PM -- Hyperborean/Indigenous Languages [ABSENT],PN -- General Literature [MERGED],PR -- English Literature [MERGED],PS -- American Literature [MERGED],PT -- Germanic Literature [MERGED]
1401,0,0,0,0,0,0,0,0,0,0,0,0,0,1,0,0,0,0,0,0,0,0,0,0,0,0,0,0,0,0,0,0,0,0,0,0,0
1450,0,0,0,0,0,0,0,0,0,0,0,0,0,1,0,0,0,0,0,0,0,1,0,0,0,0,0,0,0,0,0,0,0,0,0,0,0
1454,0,0,1,0,0,0,0,0,0,0,0,0,0,1,0,0,0,0,0,0,0,1,0,0,0,0,0,0,0,0,0,0,0,0,0,0,0
1470,0,0,1,0,0,0,0,0,0,0,0,0,0,1,0,0,0,0,0,0,0,3,0,0,0,0,0,0,0,0,0,0,0,0,0,0,0
1472,0,0,1,0,0,0,0,0,0,0,0,0,0,1,0,0,0,0,0,0,0,5,0,0,0,0,0,0,0,0,0,0,0,0,0,0,0
1473,0,0,1,0,0,0,0,0,0,0,0,0,0,1,0,0,0,0,0,0,0,6,0,0,0,0,0,0,0,0,0,0,0,0,0,0,0
1474,0,0,1,0,0,0,0,0,0,0,0,0,0,1,0,0,0,0,0,0,0,8,0,0,0,0,0,0,0,0,0,0,0,0,0,0,0
1475,0,0,1,0,0,0,0,0,0,0,0,0,0,1,0,0,0,0,0,0,0,15,0,0,0,0,0,0,0,0,0,0,0,0,0,0,0
1476,0,0,1,0,0,0,0,0,0,0,0,0,0,1,0,0,0,0,0,0,0,16,0,0,0,0,0,0,0,0,0,1,0,0,0,0,0
1478,0,0,1,0,0,0,0,0,0,0,0,0,0,1,0,0,0,0,0,0,0,17,0,0,0,0,0,0,0,0,0,1,0,0,0,0,0
1479,0,0,1,0,0,0,0,0,0,0,0,0,0,1,0,0,0,0,0,0,0,18,0,0,0,0,0,0,0,0,0,1,0,0,0,0,0
1480,0,0,3,0,0,0,0,0,0,0,0,0,0,1,0,0,0,0,0,0,0,18,0,0,0,0,0,0,0,0,0,1,0,0,0,0,0
1481,0,0,5,0,0,0,0,0,0,0,0,0,0,1,0,0,0,0,0,0,0,21,0,0,0,0,0,0,0,0,0,1,0,0,0,0,0
1482,0,0,5,0,0,0,0,0,0,0,0,0,0,1,0,0,0,0,0,0,0,25,0,0,0,0,0,0,0,0,0,1,0,0,0,0,0
1483,0,0,5,0,0,0,0,0,0,0,0,0,0,1,0,0,0,0,0,0,0,28,0,0,0,0,0,0,0,0,0,1,0,0,0,0,0
1485,0,0,5,0,0,0,0,0,0,0,0,0,0,1,0,0,0,0,0,0,0,32,0,0,0,0,0,0,0,0,0,1,0,0,0,0,0
1486,0,0,7,0,0,0,0,0,0,0,0,0,0,1,0,0,0,0,0,0,0,38,0,0,0,0,0,0,0,0,0,1,0,0,0,0,0
1487,0,0,7,0,0,0,0,0,0,0,0,0,0,1,0,0,0,0,0,0,0,42,0,0,0,0,0,0,0,0,0,1,0,0,0,0,0
1488,0,0,7,0,0,0,0,0,0,0,0,0,0,1,0,0,0,0,0,0,0,50,0,0,0,0,0,0,0,0,0,2,0,0,0,0,0
1489,0,0,7,0,0,0,0,0,0,0,0,0,0,1,0,0,0,0,0,0,0,55,0,0,0,0,0,0,0,0,0,2,0,0,0,0,0
1490,0,0,7,0,0,0,0,0,0,0,0,0,0,1,0,0,0,0,0,0,0,60,0,0,0,0,0,0,0,0,0,3,0,0,0,0,0
1491,0,0,7,0,0,0,0,0,0,0,0,0,0,1,0,0,0,0,0,0,0,65,0,0,0,0,0,0,0,0,0,3,0,0,0,0,0
1493,0,0,8,0,0,0,0,0,0,0,0,0,0,1,0,0,0,0,0,0,0,69,0,2,0,0,0,0,0,0,0,3,0,0,0,0,0
1494,0,0,8,0,0,0,0,0,0,0,0,0,0,1,0,0,0,0,0,0,0,75,0,2,0,0,0,0,0,0,0,3,0,0,0,0,0
1495,0,0,8,0,0,0,0,0,0,0,0,0,0,1,0,0,0,0,0,0,0,80,0,2,0,0,0,0,0,0,0,3,0,0,0,0,0
1496,0,0,8,0,0,0,0,0,0,0,0,0,0,1,0,0,0,0,0,0,0,84,0,2,0,0,0,0,0,0,0,3,0,0,0,0,0
1497,0,0,8,0,0,0,0,0,0,0,0,0,0,1,0,0,0,0,0,0,0,87,0,2,0,0,0,0,0,0,0,3,0,0,0,0,3
1498,0,0,9,0,0,0,0,0,0,0,0,0,0,1,0,0,0,0,0,0,0,92,0,2,0,0,0,0,0,0,0,3,0,0,0,0,5
1499,0,0,9,0,0,0,0,0,0,0,0,0,0,1,0,0,0,0,0,0,0,101,0,2,0,0,0,0,0,0,0,3,0,0,0,0,5
1500,0,0,9,0,0,0,0,0,0,0,1,0,0,1,0,0,0,0,0,0,0,106,0,2,0,0,0,0,0,0,0,3,0,0,0,0,5
1501,0,0,9,0,0,0,0,0,0,0,1,0,0,1,0,0,0,0,0,0,0,112,0,2,0,0,0,0,0,0,0,3,0,0,0,0,6
1502,0,0,9,0,0,0,0,0,0,0,1,0,0,1,0,0,0,0,0,0,0,116,0,2,0,0,0,0,0,0,0,3,0,0,0,0,6
1503,0,0,9,0,0,0,0,0,0,0,1,0,0,1,0,0,0,0,0,0,0,122,0,2,0,0,0,0,0,0,0,3,0,0,0,0,6
1504,0,0,10,0,0,0,0,0,0,0,1,0,0,1,0,0,0,0,0,0,0,123,0,2,0,0,0,0,0,0,0,3,0,0,0,0,6
1505,0,0,10,0,0,0,0,0,0,0,1,0,0,1,0,0,0,0,0,0,0,126,0,2,0,0,0,0,0,0,0,3,0,0,0,0,6
1506,0,0,10,0,0,0,0,0,0,0,1,0,0,1,0,0,0,0,0,0,0,128,0,2,0,0,0,0,0,0,0,3,0,0,0,0,7
1507,0,0,10,0,0,0,0,0,0,0,1,0,0,1,0,0,0,0,0,0,0,131,0,2,0,0,0,0,0,0,0,3,0,0,0,0,7
1508,0,0,10,0,0,0,0,0,0,0,1,0,0,1,0,0,0,0,0,0,0,136,0,2,0,0,0,0,0,0,0,3,0,0,0,0,7
1509,0,0,11,0,0,0,0,0,0,0,1,0,0,1,0,0,0,0,0,0,0,142,0,2,0,0,0,0,0,0,0,3,0,0,0,0,9
1510,0,0,11,0,0,0,0,0,0,0,1,0,0,1,0,0,0,0,0,0,0,144,0,2,0,0,0,0,0,0,0,3,0,0,0,0,9
1511,0,0,11,0,0,0,0,0,0,0,1,0,0,1,0,0,0,0,0,0,0,147,0,2,0,0,0,0,0,0,0,3,0,0,0,0,9
1512,0,0,11,0,0,0,0,0,0,0,1,0,0,1,0,0,0,0,0,0,0,149,0,2,0,0,0,0,0,0,0,3,0,0,0,0,9
1513,0,0,11,0,0,0,0,0,0,0,1,0,1,1,0,0,0,0,0,0,0,152,0,2,0,0,0,0,0,1,0,3,0,0,0,0,9
1514,0,0,11,0,0,0,0,0,0,0,1,0,1,1,0,0,0,0,0,0,0,157,0,2,0,0,0,0,0,1,0,3,0,0,0,0,9
1515,0,0,11,0,0,0,0,0,0,0,1,0,1,1,0,0,0,0,0,0,0,159,0,2,0,0,0,0,0,1,0,3,0,0,0,0,9
1516,0,0,11,0,0,0,0,0,0,0,2,0,1,1,0,0,0,0,0,0,0,165,0,3,0,0,0,0,0,1,0,3,0,0,0,0,10
1517,0,0,11,0,0,0,0,0,0,0,3,0,1,1,0,0,0,0,0,0,0,169,0,3,0,0,0,0,0,1,0,3,0,0,0,0,11
1518,0,0,11,0,0,0,0,0,0,0,3,0,1,1,0,0,0,0,0,0,0,177,0,3,0,0,0,0,0,2,0,3,0,0,0,0,11
1519,0,0,12,0,0,0,0,1,0,0,3,0,1,1,0,0,0,0,0,0,0,182,0,3,0,0,0,0,0,3,0,3,0,0,0,0,11
1520,0,0,13,0,0,0,0,1,0,0,3,0,1,1,0,0,0,0,0,0,0,183,0,3,0,0,0,0,0,3,0,3,0,0,0,0,11
1521,0,0,13,0,0,0,0,1,0,0,3,0,1,1,0,0,0,0,0,0,0,188,0,3,0,0,0,0,0,3,0,3,0,1,0,0,11
1522,0,0,13,0,0,0,0,1,0,0,3,0,1,1,0,0,1,0,0,0,0,192,0,3,0,0,0,0,0,3,0,4,0,1,0,0,13
1523,0,0,13,0,0,0,0,1,0,0,3,0,1,1,0,0,1,0,0,0,0,195,0,3,0,0,0,0,0,3,0,4,0,1,0,0,14
1524,0,0,13,0,0,0,0,1,0,0,3,1,1,1,0,0,2,0,0,0,0,196,0,3,0,0,0,0,0,3,0,4,0,1,0,0,15
1525,0,0,14,0,0,0,0,1,0,0,3,1,1,1,0,0,2,0,0,0,0,196,0,3,0,0,0,0,0,4,0,4,0,1,0,0,15
1527,0,0,14,0,0,0,0,1,0,0,3,1,1,1,0,0,2,0,0,0,0,199,0,3,0,0,0,0,0,4,0,4,0,1,0,0,16
1528,0,0,14,0,0,0,0,1,0,0,3,1,1,1,0,0,2,0,0,0,0,201,0,3,0,0,1,0,0,4,0,4,0,1,0,0,16
1529,0,0,14,0,0,0,0,1,0,0,4,1,2,1,0,0,2,0,0,0,0,205,0,3,0,0,1,0,0,4,0,4,0,1,0,0,16
1530,0,0,14,0,0,0,0,1,0,0,4,1,2,1,0,0,3,0,0,0,0,209,0,4,0,0,1,0,0,4,0,4,0,1,0,0,17
1531,0,0,14,0,0,0,0,1,0,0,4,1,2,1,0,0,3,0,0,2,0,215,0,4,0,0,1,0,0,5,0,4,0,1,0,0,17
1532,0,0,14,0,0,0,0,1,0,0,4,1,2,1,0,0,3,0,0,2,0,219,0,4,0,0,1,0,0,5,0,4,0,1,0,0,17
1533,0,0,14,0,0,0,0,1,0,0,4,1,2,1,0,0,3,0,0,2,0,226,0,4,0,0,1,0,0,5,0,4,0,1,0,0,17
1534,0,0,14,0,0,0,0,1,0,0,4,1,2,1,0,0,3,0,0,2,0,234,0,4,0,0,1,0,0,5,0,5,0,1,0,0,17
1535,0,0,14,0,0,0,0,1,0,0,4,1,2,1,0,0,3,0,0,2,0,237,0,4,0,0,1,0,0,5,0,5,0,1,0,0,18
1536,0,0,15,0,0,0,0,1,0,0,4,1,2,1,0,0,3,0,0,2,0,245,0,4,0,0,1,0,0,6,0,5,0,1,0,0,18
1537,0,0,15,0,0,0,0,1,0,0,4,1,2,1,0,0,3,0,0,2,0,252,0,4,0,0,1,0,0,6,0,6,0,1,0,0,19
1538,0,0,15,0,0,0,0,1,0,0,4,1,2,1,0,0,3,0,0,2,0,261,0,5,0,0,1,0,0,6,0,6,0,1,0,0,19
1539,0,0,15,0,0,0,0,1,0,0,4,1,2,1,0,0,3,0,0,2,0,267,0,5,0,0,1,0,0,7,0,7,0,2,0,0,19
1540,0,0,15,0,0,0,0,2,0,0,4,1,2,1,0,0,3,0,0,2,0,279,0,5,0,0,1,0,0,7,0,7,0,3,0,0,19
1541,0,0,15,0,0,0,0,2,0,0,4,1,3,1,0,0,3,0,0,2,0,288,0,5,0,0,1,0,0,8,0,7,0,3,0,0,19
1542,0,0,15,0,0,0,0,2,0,0,4,1,3,1,0,0,3,0,0,2,0,295,0,5,0,0,1,0,0,11,0,7,0,3,1,0,19
1543,0,0,15,0,0,0,0,2,0,0,4,1,3,1,0,0,3,0,0,2,0,302,0,6,0,0,1,0,0,11,0,7,0,3,1,0,19
1544,0,0,16,0,0,0,0,2,0,0,5,1,3,1,0,0,3,0,0,2,0,306,0,6,0,0,1,0,0,11,0,7,0,3,1,0,19
1545,0,0,16,0,0,0,0,2,0,0,6,1,3,1,0,0,3,0,0,2,0,310,0,6,0,0,1,0,0,11,0,7,0,4,2,0,19
1546,0,0,16,0,0,0,0,2,0,0,6,1,3,1,0,0,3,0,0,2,0,317,0,6,0,0,1,0,0,11,0,7,0,4,2,0,19
1547,0,0,16,0,0,0,0,2,0,0,6,1,3,1,0,0,3,0,0,2,0,326,0,6,0,0,1,0,0,11,0,7,0,4,2,0,19
1548,0,0,16,0,0,0,0,2,0,0,6,1,3,1,0,0,4,0,0,2,0,340,0,7,0,0,1,0,0,11,0,7,0,6,2,0,19
1549,0,0,17,0,0,0,0,2,0,0,6,1,3,1,0,0,4,0,0,2,0,345,0,8,0,0,1,0,0,11,0,7,0,7,2,0,19
1550,0,1,17,0,0,0,0,2,0,0,9,2,4,1,0,1,4,0,0,2,0,352,0,8,0,0,1,0,0,11,0,7,0,7,3,0,19
1551,0,1,17,0,0,0,0,2,0,0,10,2,5,1,0,1,5,0,0,2,0,368,0,10,0,0,1,0,0,11,0,7,0,7,3,0,19
1552,0,1,17,0,0,0,0,2,0,0,10,2,5,1,0,1,5,0,0,3,0,372,0,10,0,0,1,0,0,11,0,7,0,7,3,0,19
1553,0,2,17,0,0,0,0,2,0,0,11,2,5,1,0,1,5,0,0,3,0,380,0,10,0,0,1,0,0,11,0,7,0,7,3,0,20
1554,0,2,18,0,0,0,0,2,0,0,11,2,5,1,0,1,6,0,0,3,0,390,0,10,0,0,1,0,0,11,0,7,0,7,3,0,20
1555,0,2,18,0,0,0,0,2,0,0,12,2,5,1,0,1,6,0,0,4,0,398,0,10,0,0,1,0,0,11,0,7,0,7,4,0,20
1556,0,2,21,0,0,0,0,2,0,0,13,2,5,1,0,1,6,0,0,4,0,407,0,12,0,0,1,0,0,12,0,7,0,8,4,0,20
1557,0,2,23,0,0,0,0,2,0,0,13,2,5,1,0,1,6,0,0,4,0,412,0,13,0,0,1,0,0,13,0,7,0,8,6,0,20
1558,0,2,24,0,0,0,0,2,0,0,13,2,5,1,0,1,6,0,0,4,0,417,0,13,0,0,1,0,0,14,0,7,0,9,6,0,20
1559,0,2,24,0,0,0,0,2,0,0,13,2,5,1,0,1,6,0,0,4,0,425,0,13,0,0,1,0,0,14,0,7,0,10,6,0,20
1560,0,2,24,0,0,0,0,2,0,0,13,2,5,1,0,1,7,0,0,4,0,429,0,13,0,0,1,0,0,14,0,7,0,12,6,0,20
1561,0,3,24,0,0,0,0,2,0,0,13,2,5,1,0,1,7,0,0,4,0,433,0,13,0,0,1,0,0,14,0,7,0,13,6,0,20
1562,0,3,26,0,0,0,0,2,0,0,13,2,5,1,0,1,7,0,0,4,0,434,0,14,0,0,1,0,0,14,0,7,0,13,6,0,20
1563,0,3,27,0,0,0,0,2,0,0,13,2,5,1,0,1,7,0,0,4,0,437,0,14,0,0,1,0,0,15,0,7,0,15,6,0,20
1564,0,3,27,0,0,0,0,2,0,0,13,2,5,1,0,1,9,0,0,4,0,445,0,14,0,0,1,0,0,16,0,7,0,16,6,0,20
1565,0,3,28,0,0,0,0,2,0,0,13,2,5,1,0,1,9,0,0,4,0,447,0,15,0,0,1,0,0,16,0,7,0,17,6,0,20
1566,0,3,30,0,0,0,0,2,0,0,14,2,5,1,0,1,9,0,0,4,0,451,0,15,0,0,1,0,0,16,0,7,0,17,6,0,20
1567,0,3,31,0,0,0,0,2,0,0,14,2,5,1,0,1,9,0,0,4,0,454,0,15,0,0,1,0,0,16,0,7,0,20,6,0,20
1568,0,3,32,0,0,0,0,2,0,0,14,2,5,1,0,1,9,0,0,4,0,457,0,15,0,1,1,0,0,16,0,7,0,20,6,0,20
1569,0,3,33,0,0,0,0,2,0,0,15,3,5,1,0,1,9,0,0,4,0,459,0,15,0,1,1,0,0,17,0,7,0,20,7,0,20
1570,0,3,33,0,0,0,0,2,0,0,15,3,5,1,0,1,9,0,0,4,0,465,0,15,0,1,1,0,0,17,0,7,0,20,7,0,21
1571,0,3,33,0,0,0,0,2,0,0,15,3,5,1,0,1,9,0,0,4,0,470,0,15,0,1,1,0,0,17,0,7,2,20,7,0,21
1572,0,3,35,0,0,0,0,2,0,0,15,3,5,1,0,1,9,0,0,5,0,474,0,15,0,1,1,0,0,17,0,7,2,20,7,0,21
1573,0,4,35,0,0,0,0,2,0,0,15,3,5,1,0,1,9,0,0,5,0,478,0,15,0,1,2,0,0,17,0,9,2,20,7,0,21
1574,0,4,37,0,0,0,0,2,0,0,16,3,5,2,0,1,9,0,0,5,0,485,0,15,0,1,2,0,0,17,0,9,2,20,7,0,21
1575,0,4,38,0,0,0,0,2,0,0,16,3,5,2,0,1,9,0,0,5,0,494,0,15,0,1,2,0,0,17,0,9,2,21,8,0,21
1576,0,4,38,0,0,0,0,2,0,0,16,3,5,3,0,1,9,0,0,5,0,498,0,15,0,1,2,0,0,17,0,9,2,22,9,0,21
1577,0,4,38,0,0,0,0,2,0,0,17,3,5,3,0,1,9,0,0,5,0,504,0,15,0,1,2,0,0,17,0,9,2,22,9,0,21
1578,0,5,38,0,0,0,0,2,0,0,17,3,5,3,0,1,9,0,0,5,0,508,0,16,0,1,2,0,0,19,0,9,2,22,10,0,21
1579,0,5,38,0,0,0,0,2,0,0,17,3,5,3,0,1,9,0,0,5,0,514,0,16,0,1,2,0,0,19,0,9,2,22,10,0,21
1580,0,5,39,0,0,0,0,2,0,0,17,3,5,3,0,1,9,0,0,5,0,519,0,16,0,1,2,0,0,19,0,9,2,22,11,0,21
1581,0,5,39,0,0,0,0,2,1,0,17,3,5,4,0,1,9,0,0,5,0,525,0,16,0,1,2,0,0,19,0,9,2,23,11,0,21
1582,0,5,41,0,0,0,0,2,1,0,17,3,5,4,0,1,9,0,0,5,0,528,0,17,0,1,2,0,0,19,0,9,2,23,11,0,21
1583,0,5,41,0,0,0,0,2,1,0,17,3,5,4,0,1,10,0,0,5,0,532,0,17,0,1,2,0,0,19,0,9,2,24,11,0,21
1584,0,5,42,0,0,0,0,3,1,0,17,3,5,4,0,1,10,0,0,5,0,535,0,18,0,1,2,0,0,19,0,9,2,24,11,0,21
1585,0,6,43,0,0,0,0,3,1,0,17,3,5,4,0,1,10,0,0,5,0,539,0,18,0,1,2,0,0,20,0,9,2,27,11,0,21
1586,0,6,44,1,0,0,0,4,1,0,17,3,5,4,0,1,10,0,0,6,0,541,0,18,0,1,2,0,0,20,0,9,3,29,12,0,21
1587,0,6,44,1,0,0,0,5,1,0,17,4,5,4,0,1,10,0,0,6,0,551,0,18,0,1,2,0,0,20,0,10,3,29,14,0,21
1588,0,6,44,2,0,0,0,5,1,0,17,4,5,4,0,1,10,0,0,6,0,558,0,18,0,1,2,0,0,20,0,10,3,29,14,0,21
1589,0,6,47,2,0,0,0,5,1,0,17,4,5,4,0,1,10,0,0,6,0,563,0,18,0,1,2,0,0,20,0,11,3,30,15,0,21
1590,0,6,49,2,0,0,0,5,1,0,17,4,5,4,0,1,10,0,0,6,0,571,0,18,0,1,2,0,0,20,0,11,3,30,15,0,21
1591,0,6,49,2,0,0,0,5,1,1,17,5,5,4,0,1,10,0,0,6,0,572,0,20,0,1,2,0,0,20,0,11,3,30,15,0,21
1592,0,6,49,2,0,0,0,5,1,1,18,5,5,4,0,1,10,0,0,6,0,575,0,21,0,1,2,0,0,20,0,11,3,30,16,0,21
1593,0,6,50,2,0,0,0,5,1,1,18,5,5,4,0,1,10,0,0,6,0,580,0,21,0,1,2,0,0,21,0,12,3,31,16,0,21
1594,0,7,50,2,0,0,0,5,1,1,18,5,5,4,0,1,10,0,0,6,0,581,0,21,0,1,2,0,0,21,0,12,3,31,16,0,21
1595,0,7,51,2,0,0,0,6,1,1,18,5,5,4,0,1,11,0,0,6,0,584,0,21,0,1,2,0,0,21,0,12,3,31,19,0,21
1596,0,7,52,2,0,0,0,6,1,1,18,5,5,4,0,1,11,0,0,6,0,586,0,21,0,1,2,0,0,21,0,12,3,32,22,0,21
1597,0,7,53,2,0,0,0,6,1,1,18,5,5,4,0,1,11,0,0,6,0,590,0,21,0,1,2,0,0,21,0,12,3,32,23,0,21
1598,0,7,56,2,0,0,0,6,1,1,18,5,5,4,0,1,11,0,0,7,0,593,0,22,0,1,2,0,0,23,0,13,3,32,27,0,21
1599,0,7,56,2,0,0,0,6,1,1,18,5,5,4,0,1,11,0,0,7,0,596,0,24,0,1,2,0,0,23,0,13,3,33,31,0,21
1600,0,8,57,3,0,0,1,6,1,2,18,5,5,4,0,1,11,0,1,7,0,599,0,24,0,1,2,0,0,23,0,14,3,34,32,0,21
1601,0,8,57,3,0,0,1,6,1,2,18,6,5,4,0,1,11,0,1,7,0,605,0,24,0,1,2,0,0,23,0,14,3,34,34,0,21
1602,0,8,58,3,0,0,1,6,1,2,18,6,5,6,0,1,11,0,1,7,0,610,0,24,0,1,2,0,0,23,0,14,3,34,37,0,21
1603,0,8,59,3,0,0,1,6,1,2,18,7,5,6,0,1,11,0,1,7,0,612,0,24,0,1,2,0,0,23,0,14,3,34,39,0,21
1604,0,8,59,4,0,0,2,6,1,2,18,7,5,7,0,1,11,0,1,7,0,617,0,24,0,1,2,0,0,24,0,14,3,34,40,0,21
1605,0,9,59,4,0,0,2,6,1,2,18,7,5,7,0,1,11,0,1,7,0,621,0,24,0,1,2,0,0,24,0,15,3,34,47,0,21
1606,0,9,61,4,0,0,2,6,1,2,18,7,5,7,0,1,11,0,2,7,0,622,0,24,0,1,2,0,0,24,0,15,3,34,51,0,21
1607,0,9,61,4,0,0,2,6,1,2,18,7,5,7,0,1,11,0,2,7,0,624,0,24,0,1,2,0,0,24,0,15,4,34,58,0,21
1608,0,10,63,4,0,0,2,6,1,2,18,7,5,7,0,1,11,0,2,7,0,626,0,25,0,1,2,0,0,24,0,15,4,35,60,0,21
1609,0,10,64,5,0,0,2,6,1,2,18,7,5,7,0,1,12,0,2,8,0,632,0,25,0,1,2,0,0,24,0,15,4,36,64,0,21
1610,0,10,66,5,0,0,2,6,1,3,18,8,5,8,0,1,12,0,2,8,0,634,0,25,0,1,2,0,0,24,0,15,4,37,66,0,21
1611,1,12,67,5,0,0,2,7,1,3,18,8,5,8,0,1,12,0,2,8,0,639,0,28,0,1,2,0,0,24,0,15,4,37,70,0,21
1612,1,12,69,5,0,0,2,7,1,7,18,8,5,11,0,1,12,0,2,8,0,643,0,29,0,1,2,0,0,25,0,16,4,40,77,0,21
1613,1,12,70,5,0,0,2,7,1,7,18,8,5,11,0,1,12,0,2,8,0,646,0,29,0,1,2,0,0,25,0,16,4,40,79,0,21
1614,1,13,71,5,0,0,2,7,1,7,18,8,5,12,0,1,12,0,2,8,0,647,0,29,0,1,2,0,0,25,0,16,4,40,82,0,21
1615,1,13,77,6,0,0,2,7,1,7,18,10,5,12,0,1,12,0,2,8,0,648,0,29,0,1,2,0,0,25,0,16,4,41,86,0,21
1616,1,13,78,6,0,0,2,7,1,7,18,11,5,12,0,1,12,0,2,8,0,650,0,29,0,1,2,0,0,25,0,16,4,41,91,0,21
1617,1,13,78,6,0,0,2,7,1,7,18,11,5,12,0,1,12,0,2,8,0,652,0,29,0,3,2,0,0,25,0,17,4,42,94,0,21
1618,1,13,78,6,0,0,2,7,1,7,18,11,5,12,0,1,12,0,2,8,0,656,0,29,0,3,2,0,0,26,1,19,4,42,96,0,22
1619,1,13,79,6,0,0,2,7,1,7,18,11,5,12,0,1,13,0,2,8,0,659,0,29,0,3,2,0,0,26,1,19,5,44,99,0,22
1620,1,13,82,6,0,0,2,7,1,7,18,11,5,12,0,1,14,0,2,8,0,660,0,29,0,3,2,0,0,26,1,19,5,45,102,0,22
1621,1,14,83,7,0,0,2,7,1,7,18,12,6,12,0,1,14,0,2,10,0,663,0,29,0,3,2,0,0,26,1,19,5,46,107,0,24
1622,1,14,84,7,0,0,2,7,1,7,18,14,6,12,0,1,14,0,2,11,0,665,0,29,0,3,2,0,0,26,1,19,5,48,112,0,25
1623,1,14,84,8,0,0,2,7,1,7,18,16,6,12,0,1,14,0,3,11,0,668,0,30,0,3,2,0,0,26,1,19,5,48,119,0,25
1624,1,14,85,8,0,0,2,7,1,9,18,16,6,12,0,1,15,0,3,11,0,671,0,30,0,3,2,0,0,26,1,19,5,49,121,1,25
1625,1,14,86,8,0,0,2,7,1,10,18,17,6,12,0,1,15,0,3,11,0,673,0,30,0,3,2,0,0,26,1,19,5,50,123,1,26
1626,1,14,86,8,0,0,2,7,1,11,18,17,7,12,0,1,15,0,3,11,0,677,0,30,0,3,2,0,0,26,1,19,5,51,125,1,26
1627,1,14,86,8,0,0,2,7,1,13,18,17,7,12,0,1,15,0,4,12,0,680,0,30,0,4,2,0,0,26,1,20,5,51,128,1,27
1628,1,14,87,8,0,0,2,7,1,13,18,17,7,12,0,1,15,0,4,12,0,683,0,30,0,4,2,0,0,26,1,20,5,51,132,1,27
1629,1,14,87,8,0,0,2,7,1,14,18,17,7,12,0,1,15,0,4,12,0,685,0,30,0,4,2,0,0,27,4,20,5,52,138,1,27
1630,1,15,87,8,0,0,2,7,1,16,18,17,7,12,0,1,15,0,4,13,0,690,0,30,0,4,2,0,0,27,4,20,5,52,150,1,27
1631,1,15,88,8,0,0,2,7,1,16,18,17,7,13,0,1,15,0,4,13,0,693,0,30,0,4,2,0,0,27,4,22,5,52,160,1,27
1632,1,16,88,8,0,0,2,7,1,16,18,18,7,13,0,1,15,0,4,13,0,700,1,30,0,5,2,0,0,27,4,24,5,52,171,1,28
1633,1,19,92,8,0,0,2,7,1,16,18,18,7,13,0,1,15,0,4,13,0,705,1,30,0,6,2,0,0,27,4,25,5,52,190,1,29
1634,1,22,93,8,0,0,2,7,1,16,18,19,7,13,0,1,15,0,4,13,0,707,1,30,0,6,2,0,0,28,4,25,5,52,198,1,29
1635,1,22,93,8,0,0,2,7,1,16,18,19,7,13,0,1,15,0,4,14,0,714,1,30,0,7,2,0,0,28,4,26,5,54,207,1,29
1636,1,22,93,8,0,0,2,7,1,16,18,19,7,13,0,1,15,0,4,14,0,717,1,30,0,7,2,0,0,29,4,27,5,55,213,1,30
1637,1,22,93,9,0,0,2,7,1,16,18,19,7,13,0,1,15,0,4,14,0,718,1,30,0,7,2,0,0,29,4,27,5,55,221,1,30
1638,1,23,94,9,0,0,2,8,1,16,18,20,7,13,0,1,16,0,4,14,0,723,1,31,0,7,2,0,0,30,4,27,5,58,238,1,30
1639,1,23,95,9,0,0,2,9,1,16,18,20,7,13,0,1,16,0,4,14,0,726,1,31,0,7,2,0,0,32,4,27,5,60,255,1,30
1640,1,23,96,10,0,0,2,9,1,16,19,20,7,14,0,1,16,0,4,14,0,730,1,31,0,7,2,0,0,32,4,27,5,60,274,1,30
1641,1,24,102,10,1,0,2,9,1,16,19,22,8,17,0,1,16,0,4,14,0,735,1,31,0,7,2,0,0,32,4,29,5,61,276,1,30
1642,1,24,104,10,1,0,2,9,1,16,19,22,8,18,0,1,16,0,4,14,0,737,1,31,0,7,2,0,0,32,4,30,5,62,278,1,30
1643,1,25,105,10,1,1,2,9,1,16,19,22,8,18,0,1,16,0,4,14,0,738,1,32,0,7,2,0,0,32,4,30,5,62,278,1,30
1644,1,25,106,10,1,1,2,9,1,16,19,23,8,18,0,1,18,0,4,14,0,743,1,32,0,7,2,0,0,32,4,32,5,64,279,1,31
1645,1,26,106,10,1,1,2,9,1,16,19,25,8,18,0,1,18,0,4,14,0,743,1,32,0,7,2,0,0,32,4,34,5,64,280,1,31
1646,1,26,108,10,1,1,2,9,1,16,19,25,8,18,0,1,18,0,4,15,0,744,1,32,0,7,2,0,0,32,4,34,5,64,281,1,31
1647,1,27,108,10,1,1,2,9,1,16,19,25,8,18,0,1,18,0,4,15,0,747,1,32,0,7,2,0,0,32,4,54,6,64,282,3,31
1648,1,27,111,10,1,1,2,9,1,16,19,25,8,18,0,1,18,0,4,15,0,748,1,32,0,7,2,0,0,32,4,65,6,64,283,3,31
1649,1,28,113,11,1,1,2,9,1,16,19,25,8,18,0,1,18,0,4,15,0,751,1,33,0,7,2,0,0,32,4,65,6,64,286,3,32
1650,1,29,116,11,1,1,2,9,1,16,19,25,8,18,0,1,19,0,4,15,0,754,1,33,0,7,2,0,0,33,4,67,6,64,286,3,33
1651,1,29,118,11,1,1,2,9,1,16,19,25,8,18,0,1,20,0,4,15,0,758,1,33,0,7,2,0,0,34,4,71,6,64,288,3,33
1652,1,29,118,11,1,1,2,9,1,17,19,25,8,18,0,1,20,0,4,15,0,762,1,33,0,7,2,0,0,34,4,73,6,65,290,3,33
1653,1,30,120,11,1,1,2,9,1,17,19,25,8,18,0,1,20,0,4,15,0,765,1,33,0,7,2,1,0,34,4,77,6,65,290,3,33
1654,1,30,121,11,1,1,2,9,1,17,20,25,8,18,0,1,20,0,4,15,0,770,1,33,0,7,2,1,0,34,4,86,6,65,291,3,34
1655,1,31,126,11,1,1,2,9,1,17,21,25,8,18,0,1,20,0,4,15,0,772,1,34,0,7,2,1,0,34,4,87,6,66,297,3,34
1656,1,31,126,11,1,1,2,9,1,17,21,25,8,18,0,1,20,0,4,15,1,772,1,34,0,8,2,1,0,34,5,91,6,67,300,3,34
1657,1,31,132,11,1,1,2,9,1,17,21,26,8,18,0,1,21,0,4,15,1,773,1,34,0,8,2,1,0,34,5,91,7,68,301,3,34
1658,1,31,143,11,1,1,2,9,1,18,21,26,8,18,0,1,21,0,4,15,1,777,1,34,0,8,2,1,0,36,5,91,7,68,304,3,34
1659,1,31,145,11,1,1,2,9,1,19,21,26,8,18,0,1,21,0,4,15,1,781,1,34,0,8,2,1,0,37,5,96,7,68,308,3,34
1660,1,31,146,11,1,1,2,9,1,19,23,26,8,18,0,1,21,0,4,15,1,785,2,34,0,8,2,1,0,37,5,99,7,69,311,3,34
1661,1,31,150,11,1,1,2,9,1,20,23,26,8,18,0,1,21,0,4,15,1,790,2,34,0,9,2,1,0,38,5,106,7,69,314,3,34
1662,1,31,155,11,1,1,2,9,1,20,24,26,8,18,0,1,21,0,4,15,1,793,2,34,0,9,2,1,0,38,5,107,7,70,317,3,34
1663,1,31,160,12,1,1,3,9,1,20,24,27,8,18,0,1,21,0,4,15,1,795,2,34,0,9,2,1,0,38,5,111,7,71,318,3,34
1664,1,31,162,12,1,1,3,9,1,20,24,27,8,18,0,1,21,0,4,15,1,798,2,35,0,9,2,1,0,38,5,115,8,72,320,3,35
1665,1,31,166,12,1,1,3,10,1,20,24,27,8,18,0,1,21,0,4,15,1,800,2,35,0,9,2,1,0,38,5,121,8,73,321,3,37
1666,1,31,171,13,1,1,3,10,1,20,24,27,8,18,0,1,21,0,4,15,1,802,2,35,0,9,2,1,0,38,5,131,9,75,321,3,37
1667,1,31,177,13,1,2,3,10,1,20,24,27,8,18,0,1,22,0,4,15,1,808,2,35,0,9,2,1,0,38,5,133,9,76,321,3,39
1668,1,31,179,13,1,2,3,11,1,20,24,27,8,18,0,1,22,0,4,15,1,815,2,35,0,9,3,1,0,38,5,134,9,76,323,3,41
1669,1,33,183,14,1,2,3,11,1,20,24,27,8,18,0,1,22,0,4,15,1,820,2,35,0,9,3,1,0,39,6,141,9,78,327,3,41
1670,1,33,192,15,1,2,3,11,1,21,25,27,8,18,0,1,22,0,4,15,1,825,2,35,0,9,3,1,0,39,6,143,9,78,329,3,41
1671,1,34,200,16,1,2,3,11,1,21,25,27,9,19,0,1,22,0,4,15,1,828,2,35,0,9,3,1,0,39,6,145,9,79,336,3,41
1672,1,35,208,16,1,2,3,11,1,21,25,27,9,21,0,1,22,0,4,15,1,830,2,36,0,9,4,1,0,39,6,148,9,80,339,3,43
1673,1,35,211,16,1,2,3,11,1,21,26,28,9,22,0,1,22,0,4,16,1,833,2,36,0,9,4,1,0,39,6,156,9,80,347,3,43
1674,1,35,213,17,1,2,3,11,1,21,26,29,10,22,0,1,22,0,4,16,1,835,2,37,0,10,4,1,0,39,6,158,9,81,349,3,43
1675,1,35,213,17,1,2,3,11,1,21,26,30,11,22,0,1,22,0,4,16,1,842,2,38,0,10,4,1,0,39,6,158,9,81,361,3,43
1676,1,35,213,17,1,2,3,12,1,21,26,31,11,23,0,1,22,0,4,16,1,844,2,38,0,10,4,1,0,39,6,158,9,81,367,3,43
1677,1,35,214,17,1,2,3,12,1,22,26,31,11,23,0,1,22,0,4,16,1,846,2,38,0,10,4,1,0,39,6,162,9,82,379,3,44
1678,1,36,214,17,1,2,3,12,1,24,26,31,12,23,0,1,22,0,4,16,1,848,2,38,0,10,4,1,0,39,6,164,9,83,385,4,45
1679,1,37,219,17,1,2,3,12,1,26,29,31,12,25,0,1,22,0,4,16,1,853,2,38,0,10,4,1,0,39,6,164,9,83,393,4,45
1680,1,37,223,17,1,2,3,12,1,27,29,31,12,25,0,1,24,0,4,17,1,854,2,39,0,10,4,1,0,39,6,166,9,83,405,4,45
1681,1,37,229,18,1,2,3,12,1,27,29,31,12,25,0,1,25,0,4,18,1,855,2,39,0,11,4,1,0,39,6,167,9,83,412,4,45
1682,1,37,232,19,1,2,3,12,1,28,30,31,12,25,0,1,25,0,4,19,1,856,2,39,0,11,4,1,0,39,6,171,9,84,422,4,45
1683,1,37,233,19,1,2,3,12,1,28,30,31,12,27,0,1,25,0,4,20,1,858,2,39,0,11,4,1,0,40,6,171,9,84,424,4,45
1684,1,37,235,19,1,2,3,12,1,28,30,31,12,27,0,1,25,0,4,20,1,859,2,39,0,11,4,1,0,40,6,172,9,85,429,4,45
1685,1,38,236,19,1,2,3,12,1,28,32,31,12,27,0,1,25,0,4,20,2,859,2,41,0,11,4,1,0,41,6,173,9,86,434,4,45
1686,1,38,241,20,1,2,3,12,1,28,34,31,13,27,0,1,26,0,4,20,2,863,2,42,0,11,4,1,0,41,6,173,9,86,437,4,45
1687,1,38,246,20,1,2,3,12,1,28,34,31,13,27,0,1,27,0,4,21,2,867,2,42,0,11,4,1,0,41,6,173,9,87,444,4,45
1688,1,39,254,20,1,2,3,13,1,28,34,31,13,27,0,1,28,0,4,22,2,867,2,45,0,11,4,1,0,41,6,177,9,88,449,4,46
1689,1,39,255,20,1,2,3,13,1,28,34,31,13,27,0,1,29,0,4,22,2,868,2,45,0,12,4,1,0,41,6,177,10,90,451,4,46
1690,1,40,256,20,1,2,3,13,1,29,35,31,13,27,0,1,29,0,4,22,2,872,2,45,0,12,4,1,0,41,6,180,10,92,459,4,46
1691,1,40,258,20,1,2,3,13,2,29,36,32,13,27,0,1,29,0,4,22,2,873,2,48,0,12,4,1,0,42,6,186,10,98,471,4,46
1692,1,40,259,20,1,2,3,13,2,29,36,32,14,27,0,1,29,0,4,22,2,877,2,50,0,12,4,1,0,42,6,193,10,101,477,4,46
1693,1,40,264,20,1,2,3,13,3,29,36,32,14,28,0,1,29,0,4,22,2,879,2,50,0,12,4,1,0,42,6,195,10,105,482,4,46
1694,1,40,266,21,1,2,3,13,3,29,36,32,14,28,0,1,32,0,4,22,2,881,2,50,0,12,4,1,0,42,6,199,10,114,487,4,46
1695,2,41,266,21,1,2,3,13,3,29,37,33,14,29,0,1,33,0,4,22,2,884,2,50,0,12,4,1,0,42,6,203,10,117,491,4,47
1696,2,43,267,21,1,2,3,13,3,29,37,36,21,29,0,1,33,0,4,22,2,885,2,50,0,12,4,1,0,43,6,204,11,117,508,4,47
1697,2,43,275,21,1,2,3,13,3,29,37,37,22,29,0,1,33,0,4,22,2,889,2,51,0,12,4,1,0,43,7,205,11,119,513,4,47
1698,2,44,277,21,1,2,3,13,3,29,38,38,22,29,0,1,33,0,4,22,2,891,2,51,0,12,4,1,0,43,7,208,11,119,521,4,47
1699,2,45,278,21,1,2,3,14,3,29,38,39,22,29,0,1,33,0,4,22,2,895,2,52,0,12,4,1,0,43,7,208,11,121,523,4,47
1700,2,46,284,21,1,2,3,14,3,29,39,41,22,29,0,1,33,0,4,24,2,899,2,52,0,12,4,1,0,43,7,208,11,124,536,5,47
1701,2,47,285,22,1,2,3,14,3,29,40,41,22,29,0,1,34,0,4,24,2,901,2,52,0,13,4,1,0,43,7,211,11,126,542,5,48
1702,2,48,287,22,1,2,3,14,4,29,40,42,22,29,0,1,34,0,4,24,2,906,2,52,0,13,4,1,0,43,7,213,11,128,553,6,48
1703,2,48,295,23,1,2,3,14,4,29,41,42,22,29,0,1,34,0,4,24,2,910,2,52,0,13,4,1,0,43,7,214,11,128,565,6,48
1704,2,48,298,23,1,2,3,14,4,29,41,42,22,29,0,2,34,0,4,24,2,910,2,52,0,13,4,1,0,43,7,216,11,128,578,6,48
1705,2,48,298,23,1,2,3,14,4,29,41,42,22,29,0,3,34,0,4,25,2,912,2,52,0,14,4,1,0,43,7,217,11,131,587,6,48
1706,2,48,300,23,1,2,3,14,4,29,41,42,22,30,0,3,34,0,4,25,2,913,2,53,0,14,4,1,0,44,7,217,11,133,596,6,48
1707,2,49,301,23,1,2,3,14,4,29,41,42,22,30,0,3,35,0,4,25,2,914,2,53,0,14,4,1,0,44,7,219,11,134,599,6,48
1708,2,49,305,23,2,2,3,14,4,29,44,42,22,30,0,3,36,0,4,25,2,915,2,54,0,14,4,1,0,45,7,226,11,137,607,6,48
1709,2,49,307,23,2,2,3,14,4,29,45,43,23,30,0,3,36,0,4,25,2,921,2,54,0,14,4,1,0,45,7,229,11,139,616,6,48
1710,2,50,309,23,2,2,3,14,4,29,46,44,23,30,0,3,36,0,4,27,2,926,2,54,0,14,4,1,0,45,7,231,11,143,620,6,48
1711,2,50,314,24,2,2,3,14,4,29,46,44,23,30,0,3,36,0,4,27,2,932,2,54,0,15,4,1,0,45,7,232,11,144,625,6,49
1712,2,50,317,24,2,2,3,14,4,29,48,44,23,31,0,3,37,0,4,27,2,934,2,55,0,15,4,1,0,45,7,238,11,145,629,6,52
1713,2,50,321,24,2,2,3,14,4,29,49,46,23,31,0,3,38,0,4,27,2,939,2,55,0,15,4,1,0,47,7,241,11,146,633,7,52
1714,2,50,323,24,2,2,3,14,4,29,49,48,24,31,0,3,38,0,4,27,2,941,2,55,0,15,4,1,0,47,8,243,11,146,636,7,52
1715,2,50,326,25,3,2,3,14,4,30,49,49,24,31,0,3,39,0,4,27,2,944,2,55,0,15,4,1,0,47,8,247,11,150,641,8,52
1716,2,51,330,25,3,2,3,14,4,30,49,50,25,31,0,3,40,0,4,27,2,949,2,55,0,15,4,1,0,47,8,251,11,151,643,8,52
1717,2,51,332,25,3,2,3,14,4,30,50,50,25,33,0,3,40,0,4,28,2,953,2,55,0,15,4,1,0,48,8,256,12,151,652,8,52
1718,2,51,335,25,3,2,3,14,4,30,50,52,27,33,0,3,40,0,4,28,2,956,2,56,0,15,4,1,0,49,8,260,12,151,659,8,52
1719,2,51,339,25,3,2,3,14,4,31,50,53,27,33,0,3,40,0,4,28,2,959,2,56,0,15,4,1,0,49,8,262,12,152,666,8,53
1720,2,52,343,26,3,2,3,14,4,31,50,59,33,35,0,3,40,0,4,29,2,963,2,56,0,15,4,1,0,49,8,265,12,153,673,8,53
1721,2,54,346,26,3,3,3,14,4,31,51,60,37,36,0,3,40,0,4,29,2,966,2,56,0,16,4,1,0,49,8,266,12,156,678,8,54
1722,2,55,349,26,3,3,3,14,5,32,51,62,37,36,0,3,41,0,4,29,2,968,2,56,0,16,4,1,0,49,8,269,12,157,684,8,54
1723,2,56,350,26,3,3,3,14,5,32,51,63,37,36,0,3,41,0,4,30,2,971,2,56,0,16,4,1,0,49,8,269,12,158,688,9,55
1724,2,57,353,26,3,3,3,14,5,33,51,64,37,36,0,3,43,0,4,31,2,974,2,56,0,18,4,1,0,49,8,270,12,159,692,9,55
1725,2,57,356,27,3,3,3,14,5,34,51,64,37,36,0,3,43,0,4,31,2,980,2,58,0,18,4,1,0,49,8,273,12,161,695,9,55
1726,2,57,360,28,3,3,3,14,5,34,51,67,37,37,0,3,43,0,4,31,2,988,2,61,0,18,4,1,0,49,8,276,13,162,710,10,56
1727,2,58,364,29,3,3,3,14,6,34,51,68,38,37,0,3,44,0,4,31,2,993,2,61,0,20,4,1,0,49,8,281,13,164,716,11,56
1728,2,58,372,30,3,3,3,14,7,34,52,68,38,38,0,3,44,0,4,31,2,997,2,61,0,20,4,1,1,49,8,283,13,165,725,12,56
1729,2,58,374,31,3,3,3,14,7,34,52,68,38,38,0,3,44,0,4,32,2,1002,2,62,0,20,4,1,1,50,9,287,13,165,733,12,56
1730,2,58,377,31,3,3,3,14,7,34,52,68,38,38,0,3,44,0,4,33,2,1005,2,62,0,20,4,1,1,50,9,290,13,165,746,12,58
1731,2,58,380,33,3,3,3,14,7,35,52,68,38,38,0,3,44,0,4,33,2,1006,2,62,0,21,4,1,1,52,9,291,13,167,755,12,58
1732,2,58,382,33,3,3,3,14,7,36,52,68,39,39,0,3,44,0,4,34,2,1010,3,63,0,21,4,1,1,53,10,293,14,168,765,12,59
1733,2,60,384,33,3,3,3,14,7,37,52,69,40,41,0,3,44,0,4,35,2,1014,3,63,0,22,6,1,1,53,10,293,14,169,783,12,59
1734,2,61,384,33,3,3,3,14,7,38,52,71,41,42,0,3,45,0,4,35,2,1017,3,64,0,23,6,1,1,53,10,296,14,170,790,12,60
1735,2,63,388,34,3,3,3,14,8,38,53,72,41,43,0,3,47,0,4,36,2,1018,3,64,0,23,6,1,1,54,10,299,14,173,804,12,60
1736,2,64,393,34,3,3,3,14,8,39,54,73,42,43,0,3,47,0,5,38,2,1023,3,64,0,23,6,1,1,54,10,301,14,173,809,12,61
1737,2,64,397,34,3,3,3,14,8,39,54,73,42,43,0,4,47,0,5,38,2,1027,4,64,0,23,7,1,1,55,10,303,14,174,820,12,61
1738,2,65,399,36,3,3,3,14,8,39,54,73,42,43,0,4,47,0,5,39,2,1030,4,64,0,23,7,1,1,55,10,307,14,178,828,12,61
1739,2,66,404,36,3,3,3,14,8,39,54,73,42,44,0,4,47,0,5,40,2,1032,4,65,0,23,7,1,1,55,10,310,14,180,837,12,62
1740,2,66,406,36,3,3,3,14,8,39,56,74,44,45,0,4,49,0,5,41,2,1037,4,66,0,24,7,1,1,58,10,311,14,182,838,13,62
1741,2,67,409,37,3,3,3,14,8,39,57,74,44,46,0,4,50,0,5,42,2,1043,5,66,0,24,7,1,1,59,10,311,14,185,841,13,63
1742,2,67,412,37,3,3,3,14,8,39,58,74,44,46,0,4,50,1,5,42,2,1046,5,66,0,24,7,1,1,60,10,313,14,187,846,14,64
1743,2,67,417,37,3,4,3,14,8,39,58,74,44,46,0,4,50,1,5,42,2,1049,5,67,0,26,7,1,1,60,10,314,14,191,853,14,64
1744,2,67,420,37,3,5,3,14,8,40,58,76,45,49,0,4,50,1,5,42,2,1055,6,67,0,27,7,1,1,60,10,316,14,192,859,14,64
1745,2,67,421,37,3,5,3,14,8,40,59,78,46,49,0,4,51,2,5,42,2,1056,6,67,0,27,7,1,1,60,11,320,14,192,867,14,68
1746,2,67,421,37,3,6,3,15,8,40,60,78,47,49,0,4,51,2,5,42,2,1061,6,67,0,27,7,1,1,60,11,321,14,192,869,14,69
1747,2,68,423,37,3,7,3,15,8,42,60,79,47,49,0,4,51,2,5,43,3,1064,6,67,0,28,7,1,1,62,11,321,14,192,870,15,69
1748,2,68,423,37,3,8,3,15,8,42,62,80,47,49,0,4,51,2,5,43,3,1064,6,67,0,29,8,1,1,63,11,321,14,193,876,15,70
1749,2,68,427,37,3,8,3,15,8,42,62,80,47,49,0,4,51,2,5,45,3,1067,6,67,0,31,8,1,1,63,11,326,14,195,882,15,70
1750,2,70,430,37,3,8,3,15,8,43,62,82,50,49,0,4,52,2,5,46,3,1073,6,68,0,31,8,1,1,63,12,327,14,196,888,16,72
1751,2,72,433,37,3,8,3,16,8,44,64,85,51,49,0,4,53,2,5,47,3,1075,6,68,0,32,8,1,1,64,12,330,14,197,891,17,72
1752,2,73,435,37,3,8,3,16,8,44,64,87,51,49,0,4,53,2,5,48,3,1077,6,69,0,32,8,1,1,64,13,331,14,199,904,19,74
1753,2,74,437,37,3,9,3,16,12,44,65,88,52,52,0,4,57,2,5,49,5,1085,6,69,0,34,8,3,1,64,13,334,16,200,910,20,75
1754,2,74,439,37,4,9,3,17,16,45,65,90,52,55,0,4,57,2,6,52,5,1092,6,69,0,34,8,3,1,64,13,336,18,204,915,20,75
1755,2,76,442,37,5,10,3,17,16,46,69,90,52,55,0,4,57,2,6,52,6,1094,6,72,1,36,8,3,1,64,13,336,18,205,919,21,77
1756,2,76,445,37,5,11,3,17,18,46,69,91,54,56,0,4,58,2,6,53,6,1097,6,73,1,37,8,3,1,64,13,337,18,209,925,21,78
1757,2,76,448,39,5,11,3,17,18,47,71,93,56,57,0,4,58,2,6,53,6,1104,6,73,1,38,8,3,1,64,13,340,18,210,929,24,78
1758,2,78,449,40,6,11,3,18,19,47,71,96,57,61,0,4,60,2,6,53,6,1108,6,73,1,38,9,3,1,64,13,344,18,214,938,24,79
1759,2,78,450,41,6,11,3,18,19,47,73,99,57,62,0,4,60,2,7,53,6,1111,6,73,1,39,9,3,1,64,13,345,19,216,943,25,79
1760,2,80,452,41,7,11,3,18,20,47,75,102,59,65,0,4,60,2,8,55,6,1118,6,74,1,40,9,3,1,64,13,345,20,220,951,26,79
1761,2,82,456,41,7,11,3,18,20,48,76,102,59,65,0,4,61,2,8,56,6,1122,6,75,1,40,9,3,1,65,13,348,20,222,956,26,80
1762,2,82,463,41,7,12,3,18,20,48,76,104,61,67,0,4,61,2,10,56,6,1128,6,75,1,41,9,3,1,65,13,350,20,223,967,28,81
1763,2,83,465,42,7,12,3,18,20,48,78,106,61,68,0,4,61,2,11,56,6,1133,6,77,1,42,9,3,1,66,14,351,20,224,979,28,82
1764,3,85,469,42,7,12,3,18,20,48,81,107,62,68,0,4,61,2,11,57,6,1136,7,77,1,42,9,3,1,66,14,353,20,225,986,28,82
1765,3,86,469,42,7,13,3,18,20,48,83,108,62,69,0,4,61,2,11,59,6,1140,7,78,1,43,10,3,1,66,14,356,20,228,998,32,83
1766,3,88,472,43,7,13,3,20,21,48,83,109,62,70,0,4,61,2,11,61,6,1141,7,79,1,43,10,3,1,66,14,357,20,228,1007,33,87
1767,3,89,473,44,7,13,3,21,22,48,85,110,64,70,0,4,61,2,11,63,6,1146,7,81,1,43,10,3,1,66,14,359,21,230,1028,33,88
1768,3,90,476,44,8,13,3,21,22,49,86,111,64,70,0,4,61,2,11,63,6,1151,9,81,1,44,10,4,1,66,14,363,21,231,1039,34,88
1769,3,92,477,44,8,13,3,21,22,49,86,114,64,70,0,4,61,2,11,63,6,1155,9,84,1,44,10,4,1,68,16,365,21,235,1050,34,89
1770,3,99,480,44,11,13,3,21,22,50,86,117,65,71,0,4,61,2,12,65,6,1159,9,85,1,46,10,4,1,69,16,370,21,238,1064,34,91
1771,4,100,486,44,11,13,3,21,22,51,88,119,66,71,0,4,61,2,12,65,7,1169,11,87,1,47,10,4,1,69,16,371,21,241,1075,36,92
1772,5,104,492,44,11,13,3,22,23,51,88,121,66,73,0,4,61,2,14,67,7,1175,12,88,1,49,10,4,1,71,16,372,21,244,1087,38,96
1773,5,107,496,44,12,13,3,22,23,52,89,127,66,73,0,4,61,2,15,68,7,1181,13,89,1,51,10,5,1,71,16,374,21,247,1098,41,98
1774,5,110,500,44,13,13,3,23,23,55,89,130,67,76,0,4,61,2,17,76,7,1190,13,90,1,51,10,5,1,71,17,380,21,250,1113,41,101
1775,5,115,507,44,16,13,3,23,24,56,91,131,67,77,0,4,61,3,17,77,7,1190,13,90,1,54,10,5,1,71,17,383,21,258,1129,44,102
1776,5,118,509,45,29,13,3,26,24,56,91,135,68,79,0,4,61,3,19,80,7,1195,13,90,1,56,10,5,1,72,17,387,23,261,1139,47,103
1777,5,121,517,45,31,13,3,26,24,56,93,139,68,83,0,4,61,3,19,82,7,1202,13,94,1,57,10,5,1,73,17,391,23,264,1160,47,107
1778,5,123,519,45,33,13,3,27,25,57,93,146,68,84,0,4,62,3,19,84,7,1204,15,94,1,58,10,7,1,73,19,392,23,265,1179,47,108
1779,5,123,519,46,33,13,3,29,27,58,96,149,69,85,0,4,63,3,19,87,7,1208,15,95,2,61,10,8,1,74,19,394,23,271,1194,49,111
1780,5,123,526,46,33,13,3,30,29,58,96,151,69,86,0,4,63,3,20,88,7,1214,16,96,2,62,10,8,1,75,19,396,23,272,1205,49,114
1781,5,123,528,47,34,13,3,32,29,59,97,152,69,89,2,4,67,6,20,91,7,1221,16,97,2,63,10,8,1,75,19,399,23,273,1221,51,116
1782,5,124,532,47,34,13,3,32,30,61,97,153,69,89,3,4,69,6,20,93,7,1230,16,98,2,63,11,9,1,75,20,400,23,274,1238,52,121
1783,5,126,538,49,34,13,3,32,30,61,97,158,70,95,3,4,70,7,20,95,7,1234,16,98,2,66,13,9,1,77,20,404,23,279,1258,56,123
1784,5,127,541,49,34,13,3,32,30,61,98,168,70,96,4,4,70,7,24,99,7,1238,16,104,2,70,13,10,1,77,20,405,23,283,1275,58,125
1785,5,132,546,50,34,13,3,32,32,62,99,174,74,105,4,5,73,9,26,99,7,1242,16,109,2,72,13,11,1,78,21,410,23,289,1287,60,127
1786,5,132,560,50,34,13,3,33,32,64,99,177,76,110,4,6,74,11,29,104,7,1251,16,110,2,72,13,11,1,79,21,414,24,294,1304,67,131
1787,5,135,567,50,34,13,4,34,33,64,99,179,77,118,4,6,77,14,35,108,7,1256,17,110,3,75,13,13,1,79,22,416,24,298,1332,69,137
1788,5,139,576,51,34,13,4,37,33,66,100,182,77,125,4,6,82,17,46,110,7,1262,17,110,3,83,14,13,1,79,26,418,25,303,1359,75,140
1789,5,140,584,52,35,15,4,39,35,66,102,184,78,130,4,6,86,20,52,114,8,1268,18,111,3,90,15,14,1,80,28,427,25,308,1386,82,144
1790,5,142,591,55,35,15,4,40,35,68,105,185,84,134,4,7,90,20,53,118,8,1273,18,111,3,97,15,15,1,80,30,430,25,314,1413,89,150
1791,5,142,597,56,36,15,5,40,35,70,106,190,90,140,4,8,92,23,55,118,8,1276,18,115,3,100,16,15,1,81,30,436,25,319,1445,94,151
1792,5,144,606,57,37,16,5,40,35,70,109,192,93,145,4,8,98,26,59,123,8,1281,18,117,3,105,16,16,1,82,33,444,25,328,1477,105,155
1793,5,149,611,59,37,16,5,43,36,71,109,194,95,147,6,8,101,28,59,125,8,1292,18,117,3,109,17,16,1,83,33,449,26,333,1511,114,161
1794,5,154,619,64,41,16,5,44,37,74,110,199,96,150,6,8,102,31,60,133,8,1300,18,119,3,119,18,18,1,85,33,454,26,336,1566,132,166
1795,5,155,630,67,42,17,5,44,38,81,112,205,98,156,6,8,103,32,60,137,8,1313,18,121,3,125,20,19,1,85,33,462,26,342,1617,153,171
1796,5,155,637,67,45,17,5,48,38,84,115,209,99,163,6,8,107,34,60,143,8,1321,18,124,3,136,21,20,1,86,35,466,26,351,1657,169,176
1797,5,156,643,69,49,18,5,49,41,86,118,217,101,167,6,8,112,41,63,146,8,1326,18,125,4,145,21,20,1,86,36,469,26,357,1685,198,180
1798,5,156,653,73,50,18,7,49,41,88,121,224,102,170,6,9,116,49,64,147,8,1333,18,126,4,156,22,20,1,86,36,476,26,365,1722,225,189
1799,5,159,664,74,50,18,7,50,43,90,124,226,104,176,6,9,118,56,65,153,8,1342,18,127,4,164,23,20,2,88,37,483,26,371,1768,240,200
1800,6,173,698,82,50,18,8,52,47,103,134,235,109,190,6,9,119,58,67,166,8,1354,19,131,5,179,25,51,2,91,39,530,28,392,1871,257,224
1801,6,174,708,85,50,18,9,54,50,105,135,237,109,192,6,9,120,58,67,171,8,1362,19,133,5,181,25,53,2,92,44,539,29,399,1899,267,231
1802,7,179,711,87,50,19,18,54,50,105,135,237,114,195,7,9,122,59,68,175,8,1372,19,135,5,188,25,58,2,95,45,551,29,402,1930,274,233
1803,7,182,721,90,50,19,19,57,51,105,135,237,114,197,7,9,125,59,68,177,8,1379,19,137,5,194,25,59,3,95,47,560,29,412,1970,277,237
1804,7,184,728,91,50,20,21,57,52,106,136,239,115,198,7,9,126,60,69,179,8,1390,19,138,5,195,25,59,3,96,49,565,29,420,2008,281,238
1805,7,186,734,94,50,20,22,59,54,107,137,244,118,199,8,9,126,60,69,183,8,1394,19,139,6,198,25,61,3,96,49,574,30,424,2056,290,242
1806,7,188,749,94,51,21,22,61,55,110,138,249,118,201,8,10,127,60,69,186,8,1407,19,140,7,200,25,62,3,98,53,581,31,436,2112,299,242
1807,7,197,762,94,51,21,22,63,55,110,139,253,120,201,8,10,127,61,71,188,8,1409,20,143,8,202,26,69,3,102,55,584,31,440,2156,311,246
1808,7,199,774,95,52,21,22,64,56,111,141,259,121,201,8,10,129,62,73,189,9,1413,20,145,8,208,26,73,4,103,58,592,31,447,2209,313,249
1809,7,201,777,97,52,21,22,64,57,112,142,263,123,201,8,10,129,62,75,190,9,1418,21,147,8,211,26,75,4,105,61,595,31,456,2254,318,253
1810,7,203,786,98,52,22,22,64,58,112,144,267,132,202,8,10,130,62,75,195,9,1424,21,149,8,217,26,79,4,107,63,602,31,470,2396,327,259
1811,7,203,796,101,53,22,22,66,59,112,146,270,143,202,8,10,130,63,76,199,9,1431,21,151,9,222,27,82,4,108,64,608,31,474,2452,335,263
1812,7,208,804,101,53,22,22,66,59,113,146,273,146,203,8,10,131,64,77,200,9,1435,22,152,9,228,27,85,4,108,66,618,31,485,2479,345,267
1813,7,211,812,102,53,22,22,66,60,115,146,277,148,203,8,10,132,64,77,204,9,1442,22,155,9,233,29,91,4,111,66,627,31,492,2527,359,269
1814,7,214,821,103,54,22,22,66,61,118,146,279,149,207,8,10,133,64,77,208,9,1455,22,155,10,240,30,96,4,111,70,633,31,508,2578,367,274
1815,7,218,834,106,54,22,22,68,62,118,147,282,153,207,8,10,135,66,77,214,9,1460,25,157,10,242,30,105,4,112,70,639,31,514,2664,375,282
1816,7,220,842,109,55,22,23,68,62,118,147,286,155,209,8,10,137,69,79,217,9,1465,26,158,10,249,31,110,4,114,70,645,31,519,2744,380,286
1817,7,223,851,118,55,22,23,72,62,121,149,289,161,210,8,10,137,69,80,221,9,1472,27,159,10,252,32,114,4,115,70,649,32,524,2807,385,289
1818,7,225,867,125,57,22,24,73,64,123,150,291,163,213,9,10,138,70,80,226,9,1482,27,160,10,263,33,123,4,118,70,656,32,532,2866,399,292
1819,7,229,889,130,58,22,24,77,65,124,152,298,173,217,9,10,138,72,80,232,9,1494,27,162,10,271,34,126,4,118,70,668,32,540,2916,411,295
1820,7,230,902,136,58,22,24,81,67,125,153,306,175,221,9,10,139,72,80,238,10,1502,27,162,10,277,36,132,4,120,73,676,33,551,2985,422,297
1821,7,235,909,141,59,22,26,86,67,127,153,309,175,227,9,10,140,74,80,245,10,1511,27,166,10,283,37,137,5,122,75,679,33,559,3032,435,304
1822,7,240,918,150,60,22,26,90,68,135,154,320,180,227,9,10,141,77,81,251,10,1524,27,171,10,287,40,139,5,125,77,693,33,566,3105,456,310
1823,7,242,933,156,60,23,26,94,71,138,154,326,186,227,10,11,144,79,85,258,10,1538,27,174,10,294,42,142,6,128,79,698,33,586,3156,472,312
1824,7,248,947,158,61,23,26,98,72,142,155,335,189,229,10,11,144,79,90,265,10,1551,27,175,10,303,44,150,6,130,85,702,33,594,3230,492,319
1825,7,251,961,159,61,24,27,103,75,144,159,342,191,230,10,11,145,80,91,265,12,1570,27,182,10,314,44,154,6,133,87,707,33,605,3301,506,328
1826,7,263,979,161,63,26,27,113,75,146,159,348,198,233,10,11,146,83,94,272,14,1582,27,186,10,320,46,161,8,134,90,716,35,618,3321,529,337
1827,7,267,999,164,66,30,28,115,78,148,160,352,198,235,10,11,147,86,96,278,14,1593,27,193,10,333,46,167,8,139,94,720,36,637,3357,548,341
1828,7,274,1016,168,67,32,28,119,81,152,163,361,201,238,10,11,149,89,96,283,14,1602,28,199,10,351,47,175,8,147,98,728,36,646,3392,569,347
1829,7,284,1037,172,67,33,28,124,82,155,167,368,203,240,10,11,150,99,96,289,17,1623,29,205,11,360,47,182,8,156,104,735,38,650,3423,584,358
1830,7,292,1051,179,67,35,28,128,83,161,173,377,210,245,10,11,151,114,102,299,18,1641,29,210,11,375,49,189,9,163,105,752,40,662,3461,613,366
1831,7,299,1060,183,68,38,28,129,85,164,179,386,215,246,10,11,153,118,105,311,18,1656,31,212,11,386,53,195,9,173,106,761,40,673,3499,630,370
1832,7,305,1075,186,70,41,29,135,85,167,182,395,228,247,10,11,153,123,107,321,19,1668,33,216,13,398,57,213,9,182,108,772,40,681,3540,654,374
1833,7,311,1099,190,70,42,29,139,88,173,186,410,235,252,10,11,155,126,113,336,19,1675,33,221,13,414,58,220,9,185,111,779,41,699,3570,679,381
1834,7,313,1118,194,71,42,29,142,90,175,191,413,258,255,11,13,156,130,114,348,21,1684,33,226,13,422,58,241,9,196,113,789,43,709,3607,705,389
1835,7,318,1130,204,75,44,30,144,92,178,197,418,264,257,11,14,162,132,115,363,21,1697,33,231,13,427,59,251,9,203,115,794,45,719,3647,737,401
1836,7,325,1150,211,78,45,30,150,95,184,206,426,271,258,11,14,165,133,118,378,21,1708,33,238,14,436,60,258,9,209,122,807,47,728,3692,771,417
1837,7,333,1168,218,82,49,32,160,97,188,220,431,293,261,12,14,170,135,120,393,22,1716,33,244,14,448,62,269,10,216,128,809,47,739,3735,794,431
1838,7,339,1192,225,85,51,34,162,99,190,227,440,313,266,14,15,173,135,124,402,23,1726,35,246,15,460,63,274,11,221,133,817,48,748,3776,830,446
1839,7,349,1204,235,91,55,34,164,99,199,239,450,322,273,14,17,179,135,127,414,25,1741,36,251,15,475,64,285,11,228,134,831,50,758,3822,873,461
1840,7,357,1228,241,98,56,37,168,104,205,246,457,348,286,14,17,188,135,133,427,27,1749,40,255,15,491,68,291,11,232,139,839,51,775,3882,901,481
1841,7,369,1249,250,103,58,39,170,105,211,251,465,376,292,14,18,188,135,137,435,29,1764,40,259,16,501,69,296,12,235,142,862,53,790,3922,939,493
1842,7,376,1270,258,106,60,42,172,111,214,257,486,381,296,15,19,194,135,141,448,29,1777,40,263,16,509,70,302,12,241,147,887,55,803,3975,970,504
1843,7,383,1302,262,111,61,43,175,113,216,263,493,386,299,15,22,196,135,143,457,31,1791,40,267,17,522,73,306,12,243,151,918,57,807,4026,1008,520
1844,7,390,1336,275,115,64,43,177,114,219,271,508,391,301,15,22,200,137,143,469,33,1808,40,273,19,530,76,312,13,247,153,943,62,824,4083,1043,544
1845,7,404,1359,287,120,66,43,179,122,228,278,515,397,305,17,22,204,138,145,481,36,1823,41,285,19,551,77,326,14,252,161,978,63,840,4147,1085,563
1846,7,412,1391,296,127,71,44,187,128,234,290,525,400,308,17,25,209,140,146,499,37,1839,42,289,21,562,78,337,14,256,171,991,68,863,4209,1137,580
1847,7,422,1422,304,131,75,44,190,129,235,299,536,406,314,17,26,213,142,147,513,38,1850,45,293,22,572,81,357,14,260,180,1010,70,874,4261,1181,602
1848,7,429,1449,313,136,77,45,195,131,238,308,546,410,321,19,29,217,146,148,523,41,1861,47,299,24,578,81,365,14,262,183,1020,72,881,4324,1231,620
1849,7,438,1471,319,140,80,47,202,132,240,322,552,416,324,19,30,223,149,148,534,45,1872,48,301,26,585,83,381,14,266,190,1027,74,899,4376,1289,635
1850,7,442,1514,326,145,82,49,205,135,250,338,563,421,326,20,34,237,154,150,553,47,1889,49,304,27,597,85,388,14,269,199,1044,77,913,4442,1353,657
1851,8,451,1560,337,152,82,52,210,139,258,359,574,431,335,20,34,242,160,151,565,47,1901,49,306,28,608,89,392,14,274,204,1052,78,935,4508,1415,679
1852,8,459,1604,348,157,82,53,214,145,265,375,584,435,339,20,35,252,160,151,578,49,1911,49,312,29,622,92,410,16,276,217,1066,81,955,4570,1465,694
1853,8,471,1647,359,163,84,55,219,149,276,388,593,443,344,20,39,260,163,152,589,51,1933,51,320,29,637,92,421,17,281,221,1078,83,972,4640,1530,713
1854,8,506,1694,368,171,92,55,222,151,285,406,599,448,350,21,40,264,165,153,604,52,1950,54,321,31,647,95,443,18,283,226,1096,83,991,4710,1591,734
1855,8,542,1727,378,174,100,56,228,155,288,425,601,456,355,21,42,271,173,154,618,52,1971,57,327,31,656,95,455,18,290,234,1111,85,1004,4779,1647,753
1856,8,567,1757,387,186,103,57,234,160,292,444,607,467,358,22,42,276,176,154,627,53,1983,58,332,31,668,100,473,20,296,239,1125,88,1023,4852,1720,772
1857,8,588,1808,406,189,105,61,240,161,300,452,613,475,365,23,42,279,180,155,642,53,1997,61,337,32,676,101,488,22,299,245,1139,90,1050,4916,1779,788
1858,8,608,1857,417,195,108,63,245,164,312,470,624,490,372,24,45,287,184,155,653,55,2013,61,343,32,682,104,501,22,308,253,1156,91,1073,4961,1820,809
1859,8,631,1898,428,201,110,63,253,166,326,484,643,504,380,24,45,301,189,156,661,55,2024,63,346,32,700,104,522,22,315,258,1161,97,1106,5030,1886,832
1860,8,648,1953,444,217,114,66,257,169,336,494,653,509,384,25,46,314,194,159,670,56,2043,65,350,32,719,105,542,22,322,267,1176,100,1124,5101,1963,852
1861,8,662,1989,453,223,116,69,260,173,341,500,667,522,397,25,47,317,196,163,677,56,2060,66,358,32,725,107,563,23,328,272,1190,102,1135,5140,1999,874
1862,8,674,2024,464,235,117,72,263,176,343,508,675,539,417,25,47,319,197,164,685,56,2072,70,363,34,735,109,579,23,329,277,1201,103,1148,5187,2034,901
1863,8,693,2048,473,250,119,74,267,178,352,528,684,559,456,25,47,325,198,167,696,58,2082,71,370,36,753,112,594,23,336,289,1205,109,1176,5226,2067,911
1864,8,707,2080,481,259,121,77,274,180,362,543,693,583,498,25,47,331,203,171,704,58,2100,72,377,37,780,114,607,23,342,296,1212,111,1192,5312,2127,937
1865,8,721,2113,490,277,123,78,283,183,373,560,700,596,521,25,47,335,208,171,710,59,2117,74,381,39,797,115,622,24,349,302,1218,111,1211,5374,2188,953
1866,8,733,2141,499,292,128,80,287,189,385,569,704,604,533,25,49,338,211,174,719,62,2142,74,387,41,807,116,639,26,357,309,1229,113,1242,5465,2257,972
1867,8,747,2162,509,299,130,81,297,197,403,585,714,624,546,26,50,347,215,175,732,64,2166,76,393,42,819,122,659,27,370,314,1242,113,1276,5528,2354,997
1868,8,759,2203,526,302,135,85,301,201,414,613,721,644,563,28,50,352,219,176,744,66,2187,80,401,43,838,122,676,30,381,328,1266,117,1301,5622,2425,1015
1869,8,772,2236,540,307,137,88,309,204,427,630,736,657,575,29,51,366,227,177,758,66,2211,83,410,45,850,125,693,31,389,340,1272,123,1327,5691,2485,1035
1870,8,789,2266,548,311,141,88,319,209,446,648,755,679,582,29,54,382,236,180,780,68,2245,86,420,49,873,131,704,32,404,350,1279,125,1362,5802,2545,1059
1871,8,800,2301,560,313,141,91,324,212,463,660,770,689,587,29,55,395,243,181,792,73,2265,87,426,50,889,133,721,33,410,361,1297,132,1387,5872,2641,1094
1872,8,816,2328,575,319,143,95,336,220,477,674,785,697,595,29,58,406,252,182,810,77,2286,90,437,52,903,139,738,34,419,372,1308,137,1425,5950,2726,1129
1873,8,833,2363,586,322,146,99,345,222,490,688,792,718,601,29,61,415,255,182,826,79,2316,91,449,54,922,142,758,35,426,382,1314,140,1450,6031,2819,1168
1874,8,846,2398,605,333,147,100,362,224,505,712,804,739,615,30,63,424,259,183,838,82,2353,91,463,58,937,150,775,35,430,393,1333,144,1474,6117,2913,1208
1875,8,857,2450,622,334,150,108,373,227,525,730,811,759,623,31,70,434,264,184,846,86,2385,92,475,62,952,153,796,35,441,406,1349,151,1522,6202,2990,1242
1876,9,867,2487,630,339,152,113,383,234,543,741,817,791,632,32,72,441,267,184,861,87,2416,96,486,69,973,156,823,37,453,411,1372,156,1562,6273,3106,1272
1877,9,890,2542,650,344,153,117,393,237,558,758,825,820,644,33,73,451,274,185,883,90,2457,101,491,72,993,157,846,39,462,427,1388,163,1603,6343,3209,1311
1878,9,901,2609,668,348,153,124,412,245,573,774,847,845,651,33,77,460,276,186,907,98,2493,101,498,78,1019,162,876,39,469,439,1402,170,1631,6416,3317,1351
1879,9,914,2682,682,351,155,124,425,251,588,798,863,870,661,34,79,466,281,190,920,103,2531,104,509,80,1034,170,903,41,477,461,1422,174,1686,6505,3415,1391
1880,9,933,2730,704,358,156,128,440,257,611,819,884,885,670,35,80,476,284,191,936,106,2567,106,517,84,1059,177,946,44,489,478,1440,184,1756,6635,3528,1438
1881,9,953,2801,735,362,157,137,448,264,639,838,904,902,683,39,84,488,288,191,954,108,2593,108,533,89,1076,181,972,47,506,488,1452,187,1805,6733,3657,1476
1882,9,974,2853,756,369,159,138,465,275,656,854,925,919,692,41,86,500,294,191,965,109,2626,109,554,91,1106,191,998,51,520,502,1467,194,1861,6847,3782,1514
1883,9,996,2918,776,371,163,143,484,280,666,877,939,926,700,44,89,507,298,191,981,112,2660,116,575,98,1125,198,1037,54,539,528,1483,197,1935,6965,3942,1562
1884,9,1011,3005,801,374,167,147,501,285,691,890,962,937,706,45,91,518,300,191,1004,117,2686,118,607,101,1148,202,1074,56,552,542,1506,207,1984,7109,4066,1604
1885,9,1030,3080,819,378,172,148,523,293,711,901,979,961,716,49,92,531,301,191,1020,124,2728,121,631,107,1162,204,1098,59,567,552,1524,219,2053,7240,4191,1648
1886,9,1042,3141,837,383,173,152,550,304,733,918,988,995,725,49,102,541,304,193,1040,132,2761,122,655,110,1182,210,1143,61,584,568,1545,231,2115,7370,4327,1694
1887,9,1067,3196,856,392,180,158,574,324,762,941,1005,1020,739,49,106,548,306,193,1070,137,2797,126,670,114,1203,217,1192,61,600,584,1566,242,2185,7541,4471,1726
1888,9,1079,3271,877,399,181,160,600,340,791,965,1044,1037,749,49,115,558,310,193,1087,143,2829,126,696,120,1231,225,1275,62,618,598,1585,251,2265,7709,4657,1763
1889,9,1099,3324,906,405,181,160,627,349,820,981,1056,1056,760,51,118,570,313,195,1113,147,2873,127,711,129,1260,238,1323,63,637,609,1603,262,2344,7852,4793,1812
1890,9,1127,3385,960,420,186,163,642,361,862,1002,1073,1085,768,52,124,583,317,196,1148,159,2919,129,731,136,1288,244,1370,68,657,619,1628,283,2416,8064,4943,1862
1891,9,1144,3470,985,424,187,167,670,364,896,1017,1093,1109,781,54,130,596,321,197,1181,181,2963,130,759,142,1312,248,1399,69,673,634,1653,291,2489,8242,5117,1914
1892,9,1163,3547,1012,431,190,177,685,370,926,1033,1120,1141,799,57,135,612,325,198,1208,195,3013,135,786,147,1338,253,1452,70,695,657,1681,304,2563,8405,5307,1969
1893,9,1179,3629,1041,439,193,181,709,382,977,1055,1134,1179,809,60,143,630,328,198,1247,207,3065,135,800,154,1362,256,1512,75,712,681,1704,310,2629,8575,5492,2029
1894,9,1198,3711,1072,449,195,182,728,388,1023,1075,1146,1210,822,65,156,641,334,198,1268,219,3112,137,824,163,1398,260,1553,78,747,693,1741,316,2699,8760,5674,2077
1895,9,1226,3814,1103,457,198,190,747,395,1059,1094,1161,1260,842,72,170,655,339,198,1303,230,3166,137,844,170,1426,273,1618,78,761,706,1765,317,2807,9004,5887,2140
1896,9,1262,3917,1134,465,199,193,770,408,1094,1108,1182,1319,854,75,183,672,346,199,1332,242,3231,143,871,173,1456,279,1704,82,791,720,1793,322,2900,9253,6097,2210
1897,9,1286,4025,1180,479,200,196,794,418,1127,1124,1211,1346,873,82,193,695,352,199,1360,255,3295,144,902,178,1498,292,1768,82,800,729,1829,328,3014,9444,6300,2283
1898,9,1303,4142,1234,500,205,200,826,438,1179,1155,1228,1377,897,96,208,710,358,202,1386,262,3381,146,928,186,1532,302,1826,89,826,757,1869,338,3149,9730,6511,2381
1899,9,1329,4279,1297,517,209,205,848,450,1236,1180,1251,1398,921,100,219,728,365,204,1416,281,3432,150,953,190,1559,318,1896,93,843,775,1911,345,3296,10054,6723,2459
1900,12,1469,5320,1476,548,219,365,975,785,1739,1299,1380,1489,983,123,290,797,381,273,1521,358,3600,169,1076,209,1639,349,2202,155,989,961,2616,363,3694,10442,7020,2684
1901,12,1493,5446,1534,566,225,373,1006,808,1794,1326,1414,1515,1000,135,300,822,388,273,1558,384,3675,173,1116,215,1691,358,2252,165,1017,970,2656,372,3870,10699,7255,2782
1902,12,1526,5593,1616,579,227,378,1045,833,1870,1359,1473,1554,1023,144,310,844,394,275,1601,403,3759,186,1144,224,1743,371,2318,171,1053,999,2706,380,4054,10983,7498,2898
1903,12,1570,5738,1677,597,228,386,1086,866,1979,1404,1547,1617,1034,154,319,867,406,279,1636,429,3831,193,1186,237,1797,398,2369,175,1077,1016,2776,386,4227,11310,7728,2980
1904,12,1609,5899,1717,620,236,400,1126,897,2097,1446,1615,1663,1053,162,337,890,416,285,1685,446,3895,208,1216,252,1866,418,2439,181,1111,1037,2817,393,4391,11570,7974,3078
1905,12,1656,6072,1762,641,241,410,1154,920,2230,1499,1660,1712,1078,169,352,922,426,289,1722,466,3964,214,1250,261,1928,433,2496,191,1140,1053,2857,402,4595,11814,8212,3174
1906,12,1696,6220,1810,663,244,429,1202,942,2365,1545,1725,1764,1111,179,365,948,433,293,1754,496,4023,223,1279,279,2020,444,2535,202,1173,1077,2898,407,4776,12053,8431,3267
1907,12,1739,6373,1847,681,250,452,1240,974,2520,1606,1786,1819,1151,195,384,978,443,299,1806,539,4072,228,1323,289,2069,454,2566,217,1215,1098,2924,423,4974,12321,8668,3391
1908,12,1778,6496,1906,705,256,467,1288,1032,2649,1673,1858,1898,1210,202,400,998,450,300,1865,591,4130,232,1347,305,2120,465,2603,231,1263,1127,2955,436,5133,12569,8906,3537
1909,12,1817,6636,1969,727,262,475,1333,1070,2814,1756,1926,1976,1265,213,417,1039,458,302,1946,631,4189,248,1380,322,2170,475,2646,237,1325,1156,2996,450,5344,12861,9179,3702
1910,12,1853,6827,2033,757,271,485,1386,1140,3005,1836,2004,2085,1313,230,456,1096,472,315,2033,683,4261,259,1412,342,2215,500,2703,241,1383,1184,3024,456,5599,13164,9458,3918
1911,12,1888,6997,2099,779,279,496,1429,1201,3210,1918,2117,2188,1360,238,494,1163,479,327,2108,726,4337,268,1452,358,2267,519,2785,248,1429,1230,3072,464,5837,13512,9754,4142
1912,12,1928,7170,2175,806,285,508,1485,1263,3474,1991,2216,2273,1408,251,533,1257,488,330,2170,770,4435,275,1495,385,2315,559,2848,257,1484,1252,3124,472,6107,13854,10063,4393
1913,12,1973,7350,2240,829,293,519,1533,1320,3725,2087,2333,2378,1455,265,570,1335,502,343,2251,807,4497,284,1532,404,2378,586,2910,269,1542,1288,3157,482,6373,14174,10395,4634
1914,12,2024,7508,2287,855,304,532,1578,1373,3945,2174,2437,2451,1510,275,609,1408,518,350,2324,831,4566,286,1575,419,2434,614,2971,285,1585,1323,3191,491,6630,14462,10742,4850
1915,12,2086,7632,2331,873,316,554,1617,1450,4147,2261,2548,2529,1552,294,638,1455,532,357,2415,856,4622,292,1610,439,2479,636,3024,294,1614,1344,3240,495,6864,14697,11085,5003
1916,13,2164,7759,2354,906,329,565,1641,1538,4352,2325,2657,2613,1612,304,664,1502,544,364,2471,871,4681,293,1649,448,2520,660,3087,299,1636,1368,3273,501,7097,15020,11496,5123
1917,13,2244,7892,2375,935,337,573,1664,1632,4595,2372,2785,2688,1684,315,687,1548,556,367,2529,892,4719,297,1698,451,2560,678,3135,305,1663,1388,3319,504,7240,15269,11903,5266
1918,13,2353,8029,2402,964,342,580,1684,1757,4802,2421,2906,2742,1754,325,711,1587,567,377,2587,935,4772,303,1761,462,2600,688,3193,310,1719,1405,3370,509,7397,15558,12251,5374
1919,13,2509,8197,2425,986,349,586,1718,1920,5073,2487,3055,2824,1807,336,756,1633,572,417,2661,1007,4814,307,1806,468,2647,690,3265,316,1772,1426,3399,518,7560,15857,12612,5505
1920,14,2629,8405,2477,1018,355,596,1767,2044,5389,2555,3189,2906,1851,362,796,1685,584,424,2712,1096,4900,314,1878,476,2707,698,3366,325,1839,1470,3428,523,7753,16186,13046,5720
1921,14,2746,8599,2524,1057,367,612,1819,2130,5663,2612,3331,2990,1921,378,818,1748,598,434,2778,1155,4968,322,1934,484,2761,707,3455,333,1903,1493,3481,530,7937,16505,13458,5911
1922,14,2834,8800,2584,1078,371,636,1874,2243,5921,2691,3555,3100,1974,409,848,1812,612,445,2885,1203,5064,333,2010,494,2832,715,3622,338,1979,1536,3527,535,8196,16897,13945,6116
1923,15,2934,9002,2667,1104,377,655,1938,2346,6177,2752,3739,3198,2042,463,868,1853,632,483,2963,1254,5151,339,2080,506,2895,729,3793,345,2052,1567,3576,542,8476,17404,14478,6307
1924,15,3011,9238,2746,1140,382,676,1990,2460,6431,2827,3979,3313,2109,492,899,1910,667,506,3041,1301,5228,347,2146,518,2959,735,3903,361,2112,1615,3615,551,8818,17902,15010,6610
1925,15,3140,9503,2833,1169,390,699,2080,2569,6695,2910,4189,3423,2182,524,919,1990,686,520,3139,1349,5349,363,2226,528,3040,756,3994,370,2176,1650,3677,553,9126,18456,15566,6923
1926,15,3228,9768,2915,1202,394,718,2143,2693,7014,2991,4387,3560,2258,551,949,2054,701,539,3251,1394,5437,370,2288,540,3108,773,4106,382,2260,1695,3764,565,9452,18974,16150,7190
1927,16,3337,10075,2994,1234,398,739,2240,2853,7325,3077,4609,3686,2327,584,975,2134,717,552,3367,1467,5535,386,2361,555,3188,794,4227,393,2355,1736,3867,568,9802,19525,16816,7477
1928,17,3466,10410,3087,1265,411,755,2327,2993,7674,3146,4843,3815,2394,611,993,2231,737,566,3486,1544,5639,392,2450,567,3298,816,4399,408,2452,1782,3995,578,10230,20070,17524,7823
1929,17,3597,10756,3178,1295,428,774,2422,3138,8030,3262,5106,3965,2473,645,1019,2349,750,588,3623,1644,5736,408,2509,582,3414,836,4532,424,2547,1819,4119,582,10660,20625,18155,8181
1930,17,3723,11122,3291,1335,444,795,2527,3340,8415,3348,5406,4141,2563,673,1040,2465,769,610,3787,1743,5855,420,2605,595,3514,860,4684,430,2641,1854,4245,588,11145,21198,18809,8564
1931,17,3891,11462,3421,1385,457,820,2636,3535,8805,3417,5698,4313,2630,715,1072,2588,779,620,3947,1828,5950,431,2683,608,3614,879,4792,442,2714,1897,4374,599,11575,21754,19401,8866
1932,18,4034,11825,3511,1424,470,844,2749,3770,9229,3518,5904,4495,2737,747,1111,2682,796,640,4073,1929,6030,441,2772,624,3707,896,4872,454,2776,1938,4564,603,11945,22288,19854,9219
1933,18,4165,12182,3596,1455,483,867,2874,4009,9698,3614,6094,4725,2821,789,1157,2785,805,662,4204,2012,6119,454,2833,633,3795,918,4974,466,2856,1991,4741,610,12299,22758,20384,9581
1934,18,4291,12614,3684,1488,497,898,2998,4258,10154,3731,6300,4978,2910,834,1198,2900,826,681,4370,2105,6219,465,2908,651,3896,957,5094,472,2952,2046,4899,613,12667,23277,21037,9931
1935,18,4446,13018,3851,1542,514,915,3119,4517,10676,3859,6541,5209,3002,874,1236,2995,841,691,4550,2208,6310,476,2997,667,4021,986,5243,489,3056,2094,5038,620,13111,23811,21682,10340
1936,19,4590,13508,4028,1590,530,936,3261,4782,11255,3978,6797,5415,3100,914,1289,3098,860,714,4738,2285,6431,486,3066,677,4134,1027,5388,503,3164,2148,5160,633,13562,24293,22319,10750
1937,19,4740,14031,4164,1646,548,971,3413,5024,11885,4105,7076,5620,3196,953,1350,3214,876,735,4925,2359,6519,503,3144,690,4236,1067,5526,517,3297,2203,5280,640,14040,24750,23022,11148
1938,19,4866,14538,4290,1705,573,1003,3542,5280,12534,4228,7366,5809,3309,1006,1399,3346,899,762,5147,2428,6618,512,3233,705,4345,1108,5651,536,3407,2264,5400,656,14576,25169,23722,11584
1939,19,5020,15055,4410,1765,601,1031,3683,5581,13209,4395,7697,6014,3421,1054,1450,3458,920,788,5315,2506,6719,529,3330,720,4456,1143,5802,556,3510,2322,5547,671,15097,25536,24373,11959
1940,19,5173,15555,4511,1840,631,1055,3806,5911,13954,4571,8024,6240,3520,1103,1500,3563,938,809,5498,2575,6817,540,3447,729,4590,1176,5927,576,3612,2407,5687,688,15609,25893,25097,12491
1941,22,5299,15973,4587,1908,651,1083,3939,6212,14672,4732,8332,6410,3624,1155,1580,3655,954,827,5659,2622,6887,550,3563,743,4687,1212,6043,594,3693,2474,5782,694,16152,26235,25807,12927
1942,23,5469,16458,4672,1967,662,1110,4075,6553,15339,4859,8562,6547,3731,1211,1654,3767,967,843,5803,2660,6977,560,3683,752,4776,1246,6119,611,3766,2528,5893,702,16565,26553,26389,13512
1943,25,5591,16911,4780,2042,672,1143,4189,6834,15954,4959,8722,6688,3815,1244,1703,3862,986,850,5908,2705,7047,568,3798,763,4851,1282,6244,631,3842,2574,6014,713,16886,26856,26827,14394
1944,25,5727,17285,4868,2103,683,1158,4273,7128,16541,5047,8899,6826,3885,1281,1746,3941,1001,860,6034,2755,7128,584,3886,776,4927,1316,6387,663,3910,2644,6129,731,17230,27203,27272,15117
1945,26,5853,17600,4945,2174,694,1176,4375,7398,17100,5161,9116,6954,3969,1316,1802,4018,1007,875,6143,2826,7201,595,3966,784,4987,1325,6534,691,3998,2712,6203,740,17586,27533,27678,15515
1946,28,6027,18055,5047,2240,715,1194,4492,7671,17680,5342,9364,7090,4040,1356,1849,4118,1025,900,6282,2915,7291,602,4059,790,5073,1350,6840,722,4100,2800,6293,747,18057,28020,28182,16180
1947,29,6201,18501,5163,2307,733,1224,4586,7950,18249,5491,9639,7223,4129,1399,1907,4199,1045,920,6429,3027,7373,623,4142,802,5160,1373,7143,740,4244,2889,6439,763,18654,28524,28708,16715
1948,29,6372,18937,5272,2375,750,1256,4715,8213,18793,5640,9889,7375,4207,1447,1961,4319,1058,944,6571,3155,7449,643,4218,814,5264,1391,7475,761,4384,2954,6611,771,19150,28973,29182,17042
1949,30,6495,19414,5398,2421,764,1288,4856,8535,19383,5786,10217,7558,4293,1502,2029,4459,1071,964,6730,3267,7539,655,4317,828,5367,1422,7784,781,4516,3042,6786,777,19702,29460,29668,17479
1950,30,6657,19975,5574,2479,786,1339,4996,8897,20031,5978,10533,7720,4397,1585,2116,4596,1098,987,6897,3382,7616,666,4423,840,5485,1450,8146,807,4682,3180,7037,790,20354,29955,30157,17842
1951,30,6858,20458,5719,2535,807,1402,5141,9220,20622,6132,10844,7899,4498,1655,2183,4727,1118,1011,7094,3470,7710,677,4515,855,5582,1485,8558,829,4827,3262,7220,806,20906,30362,30659,18112
1952,30,7036,20918,5916,2585,835,1466,5291,9505,21237,6275,11147,8062,4589,1722,2264,4865,1140,1042,7297,3554,7795,704,4621,873,5665,1519,8944,857,4983,3346,7407,818,21515,30801,31155,18535
1953,30,7238,21392,6094,2649,856,1528,5423,9814,21844,6456,11494,8249,4676,1781,2350,4998,1161,1066,7478,3642,7880,722,4752,895,5737,1547,9313,892,5137,3461,7633,829,22169,31206,31617,18930
1954,30,7464,21926,6272,2699,875,1594,5571,10153,22479,6597,11826,8445,4785,1828,2430,5117,1185,1092,7699,3716,7975,736,4851,916,5832,1577,9719,907,5282,3619,7810,845,22716,31625,32069,19328
1955,30,7751,22486,6475,2769,894,1641,5705,10501,23211,6748,12203,8643,4878,1891,2523,5273,1207,1132,7933,3809,8078,757,4945,939,5929,1612,10199,930,5440,3800,7988,867,23267,31986,32566,19708
1956,33,8015,23139,6669,2834,930,1695,5843,10901,24036,6921,12535,8860,4990,1969,2621,5417,1230,1164,8148,3891,8156,767,5041,955,6035,1644,10759,960,5581,4018,8227,883,23800,32358,33022,19988
1957,34,8383,23761,6893,2896,952,1766,5989,11294,24844,7062,12915,9059,5077,2038,2725,5574,1254,1201,8393,4010,8230,785,5153,972,6159,1676,11390,995,5733,4244,8484,899,24402,32766,33451,20282
1958,34,8723,24463,7124,2964,969,1842,6147,11786,25671,7210,13336,9277,5190,2115,2830,5727,1274,1249,8651,4126,8318,797,5261,985,6250,1706,12026,1035,5914,4499,8784,920,24919,33190,33838,20510
1959,36,9058,25160,7373,3043,1007,1908,6334,12377,26629,7385,13776,9553,5290,2194,2972,5922,1290,1299,8949,4258,8429,812,5374,1003,6381,1743,12574,1072,6067,4812,9094,945,25558,33588,34301,20782
1960,37,9478,26064,7785,3124,1031,2003,6544,13046,27893,7604,14261,9850,5414,2296,3138,6203,1305,1363,9293,4401,8583,834,5520,1017,6511,1780,13201,1118,6383,5308,9659,974,26325,34154,34808,21129
1961,38,9826,26902,8217,3216,1064,2076,6777,13779,29155,7826,14768,10134,5542,2407,3320,6420,1328,1428,9620,4557,8705,860,5687,1027,6671,1827,13830,1179,6698,5928,10165,999,27061,34762,35342,21447
1962,40,10179,28064,8669,3311,1118,2180,7018,14611,30512,8074,15282,10483,5676,2563,3522,6716,1343,1517,10009,4817,8868,892,5849,1051,6832,1886,14485,1247,7056,8469,11457,1026,27999,35453,35927,21970
1963,40,10562,29355,9067,3438,1170,2293,7291,15523,32051,8344,15894,10838,5816,2727,3753,7032,1379,1621,10413,5062,9061,915,6041,1075,7012,1940,15303,1357,7400,10399,12678,1046,29013,36247,36534,22604
1964,41,10977,30782,9561,3608,1208,2435,7607,16512,33771,8694,16563,11227,5971,2926,4018,7346,1408,1776,10890,5346,9256,945,6274,1110,7202,2009,16178,1473,7844,12324,13868,1084,30079,37141,37172,23351
1965,41,11412,32256,10120,3784,1267,2578,8010,17651,35692,9076,17249,11694,6153,3145,4353,7736,1446,1985,11422,5616,9519,971,6525,1137,7444,2105,17055,1592,8311,14435,15038,1126,31255,38221,37901,24383
1966,41,11919,34029,10752,3950,1319,2745,8490,19000,38332,9564,18178,12303,6379,3430,4713,8221,1498,2310,12131,5982,9871,1011,6902,1202,7813,2244,18562,1744,8829,16747,16476,1177,32808,40013,38785,26313
1967,42,12705,36050,11470,4185,1398,2929,9047,20649,41402,10218,19303,13016,6692,3725,5091,8834,1563,2730,12958,6366,10465,1077,7350,1277,8223,2394,20019,1893,9298,19041,18059,1217,34610,41934,39811,28551
1968,42,13389,38276,12280,4546,1464,3160,9751,22524,44971,11015,20567,13867,7071,4097,5622,9582,1641,3244,14013,6841,11037,1160,7797,1349,8705,2569,22067,2093,9789,21406,19721,1264,36759,44282,41208,30877
1969,44,14051,40483,13277,5069,1550,3373,10394,24432,48479,11777,21860,14710,7413,4508,6195,10333,1697,3819,15082,7376,11592,1216,8188,1394,9150,2753,24156,2321,10352,23668,21194,1321,38906,46936,42719,32963
1970,49,14907,42835,14238,5567,1687,3633,11163,26570,52269,12529,23160,15539,7787,4993,6867,11186,1751,4473,16312,8041,12167,1283,8676,1462,9603,2921,26197,2592,10970,25874,22694,1379,41148,50123,44333,35195
1971,52,15614,45079,15099,6037,1821,3922,12019,28783,56044,13346,24459,16371,8155,5513,7591,12083,1803,5136,17592,8654,12661,1338,9260,1519,10026,3067,28218,2844,11499,27634,24293,1429,43314,52736,45921,37232
1972,56,16343,47387,15956,6450,1976,4220,12860,31046,60013,14110,25781,17288,8504,6040,8348,13096,1870,5917,18990,9279,13193,1411,9914,1586,10434,3238,30161,3160,12073,29470,25993,1498,45654,55307,47462,39314
1973,58,17062,49601,16806,6785,2131,4483,13817,33505,64576,14958,27205,18182,8915,6658,9151,14174,1935,6805,20563,9945,13691,1499,10616,1643,10797,3451,32099,3593,12609,30884,27258,1586,47978,58190,49001,41597
1974,68,17837,51883,17674,7061,2395,4815,14955,36006,69877,15937,28746,19233,9358,7220,9998,15359,2014,7738,22301,10756,14158,1567,11721,1708,11131,3664,34027,4100,13139,32059,28438,1675,50561,61027,50511,44592
1975,84,18648,54350,18575,7346,2598,5143,16123,38684,75817,16940,30487,20427,9845,7802,10913,16839,2122,8623,24130,11660,14635,1651,12719,1773,11523,3893,36097,4618,13686,33394,29774,1752,53225,63808,52116,47802
1976,96,19478,56770,19548,7697,2782,5546,17428,41470,82304,17932,32332,21652,10319,8431,11914,18375,2202,9642,26140,12614,15136,1774,13940,1857,11878,4120,38511,5192,14248,34873,31241,1880,55944,66877,53824,51436
1977,125,20534,59299,20452,7989,2967,5872,18696,44236,88954,19038,34321,22856,10856,9004,12894,19924,2281,10617,28363,13668,15587,1917,15138,1942,12302,4356,41383,5940,14793,36684,32768,1979,58904,70507,55555,54766
1978,151,21543,62052,21386,8263,3140,6183,19913,46947,95410,20041,36302,24059,11388,9583,13910,21565,2360,11551,30552,14576,16054,2058,16301,2028,12735,4546,44498,6657,15424,38846,34550,2079,61676,73578,57087,57738
1979,181,22604,65193,22256,8507,3332,6425,21066,49704,102553,21045,38263,25335,11939,10216,14846,23372,2432,12396,32604,15449,16619,2167,17238,2100,13154,4758,47388,7244,16040,40885,37171,2191,64294,75552,58630,59914
1980,208,23703,69128,23163,8823,3503,6730,22276,52545,109584,21974,40303,26591,12485,10796,15815,25196,2521,13113,34770,16290,17084,2249,18023,2156,13587,4929,49434,7677,16908,42753,41357,2322,67118,77767,61041,61499
1981,240,24677,73745,24005,9129,3639,7163,23477,55425,116607,22922,42318,27897,13030,11412,16712,26992,2601,13852,36853,17118,17547,2324,18673,2225,14054,5113,51267,7934,17745,44412,46346,2413,70003,80013,63670,62908
1982,279,25652,79196,24807,9430,3801,7527,24654,58493,124100,23888,44402,29259,13575,12025,17670,28751,2694,14660,38843,17972,18037,2401,19317,2275,14541,5275,53049,8228,18675,45608,51514,2482,72989,82366,66326,64260
1983,328,26582,84912,25573,9743,3964,7924,25898,61705,131353,24818,46651,30708,14143,12569,18578,30496,2808,15348,40794,18933,18565,2495,20033,2323,15061,5449,54879,8578,19565,46726,56871,2586,76172,84834,69093,65608
1984,370,27583,90798,26378,10094,4108,8248,27217,64915,138857,25729,49007,32207,14779,13119,19518,32329,2910,16043,42866,19851,19114,2581,20710,2384,15596,5634,56749,9051,20442,47677,62122,2669,79401,87503,72137,66900
1985,411,28604,96833,27232,10439,4273,8504,28524,68145,146033,26660,51242,33711,15401,13625,20465,34221,3011,16731,44945,20708,19568,2645,21426,2450,16141,5806,58579,9503,21197,48688,67639,2769,82662,90090,75326,68185
1986,457,29579,102382,28104,10789,4429,8742,29744,71281,153033,27443,53312,35295,15984,14120,21408,35959,3125,17333,46935,21478,20000,2727,22154,2514,16659,6011,60155,9791,21990,49772,72706,2841,85736,92750,78491,69489
1987,492,30717,108468,28978,11177,4598,8979,30975,74484,159792,28202,55449,36914,16573,14693,22310,37775,3248,17982,48983,22256,20506,2787,22923,2560,17143,6195,61793,10131,22874,51203,77311,2957,89026,95358,82016,70865
1988,543,31857,114984,29818,11596,4757,9212,32244,77785,166825,28996,57717,38467,17188,15269,23256,39808,3356,18717,51050,23027,20936,2848,23661,2616,17572,6376,63409,10476,23782,52661,81915,3045,92345,97881,85470,72613
1989,600,33035,121757,30756,12021,4940,9426,33528,81304,174042,29808,60004,40039,17824,15824,24248,41909,3471,19469,53294,23734,21388,2920,24404,2672,18052,6613,65071,10826,24780,54290,86371,3177,95672,100461,88968,73983
1990,715,34388,128444,31725,12516,5138,9688,34763,85056,181369,30744,62667,41868,18440,16444,25280,44190,3559,20317,56026,24385,21876,2991,25212,2721,18606,6777,66920,11228,25779,55779,90934,3299,99075,103136,92771,75455
1991,834,35896,135334,32681,13030,5394,10052,36040,88702,188627,31625,65366,43763,19052,17102,26334,46616,3655,21092,58776,25008,22428,3071,26097,2790,19186,6995,68972,11576,26573,57946,95755,3407,102532,106072,96811,76963
1992,911,37485,142121,33669,13554,5642,10368,37269,92521,195602,32536,68227,45846,19671,17813,27433,49185,3737,21911,61774,25554,22990,3178,26912,2854,19787,7214,71256,11910,27461,60574,101256,3524,106375,109283,101091,78614
1993,1005,39418,149248,34641,14154,5902,10678,38406,96311,202684,33441,71166,47883,20262,18485,28568,51817,3864,22723,64790,26056,23590,3305,27728,2934,20421,7454,74263,12220,28440,63101,106652,3665,110314,112574,105900,80632
1994,1089,41272,155647,35655,14643,6185,10964,39663,99964,209725,34367,73980,49885,20796,19219,29755,54658,3977,23576,67828,26523,24144,3425,28624,3007,21024,7683,77712,12593,29429,65800,111468,3795,114473,115798,110809,82712
1995,1178,43253,161810,36561,15206,6441,11231,40655,103247,215890,35243,76363,51761,21332,19891,30910,57456,4062,24299,70710,26920,24736,3540,29545,3068,21609,7895,80854,13032,30419,68217,115368,3908,118596,119166,115823,84990
1996,1258,45236,167995,37557,15819,6719,11491,41684,106354,222073,36181,78783,53673,21854,20625,32139,60241,4186,25115,73730,27363,25227,3656,30347,3125,22207,8132,84053,13391,31357,70742,119210,4048,122906,122495,121238,87389
1997,1345,47534,174766,38516,16400,6966,11791,42749,109571,228250,37074,81230,55737,22313,21336,33219,63152,4289,25964,76753,27801,25844,3761,31140,3190,22832,8376,87644,13774,32369,73429,123252,4181,127313,125436,126456,89664
1998,1424,49878,181585,39601,16973,7205,12008,43882,112846,234449,37910,83636,57856,22838,22086,34396,66088,4416,26745,80036,28168,26482,3870,31980,3257,23488,8594,91319,14108,33588,75872,126965,4326,131684,128793,131785,91998
1999,1506,52134,188801,40804,17547,7419,12304,44911,115996,240325,38805,86037,59984,23395,22932,35567,69041,4554,27512,83367,28529,27130,3984,32838,3306,24069,8786,95112,14472,34935,77642,130294,4463,136269,132221,137185,94546
2000,1584,54528,196220,42097,18140,7657,12547,45919,119255,246453,39668,88553,61995,23903,23864,36860,72231,4695,28408,86894,28881,27716,4129,33824,3359,24705,9003,98809,14837,36314,78923,133759,4593,141160,136031,142868,96984
2001,1658,57019,203585,43332,18695,7869,12813,46978,122340,252252,40460,91046,64166,24408,24826,38174,75098,4836,29222,90434,29251,28447,4249,34784,3419,25296,9173,102850,15282,37603,80025,137179,4748,145834,139809,148484,99207
2002,1728,59576,211329,44642,19303,8147,13049,48271,125710,258161,41285,93522,66229,24973,25856,39498,78031,4972,30105,94327,29649,29106,4361,35723,3470,26039,9355,107353,15622,38914,81441,141006,4886,150913,143578,154397,101308
2003,1778,62037,219042,45950,20029,8467,13259,49291,128894,264194,42085,95962,68491,25524,26833,40848,80838,5123,30972,98071,30009,29711,4474,36691,3517,26766,9547,110898,15991,40195,83103,144544,5012,155761,147073,160911,103012
2004,1845,64534,227418,47176,20717,8784,13447,51167,131905,270627,42897,98388,70687,26065,27906,42306,83801,5260,31895,101791,30354,30312,4584,37558,3560,27472,9728,114725,16424,41430,84772,148224,5123,160760,150388,167469,104851
2005,1908,67019,236073,48552,21352,9023,13615,53085,135002,277413,43670,100858,72883,26561,29004,43801,86883,5412,32856,105692,30735,30944,4700,38479,3608,28289,9927,118590,16869,42682,86573,151956,5215,166165,154141,174321,106835
2006,1981,69547,244598,49833,21985,9209,13763,54498,138209,284405,44538,103489,74994,27082,30178,45223,89991,5559,33887,109878,31121,31609,4800,39494,3647,29195,10086,122203,17350,43945,88427,155998,5311,171776,157639,181100,108762
2007,2044,72173,253768,51212,22610,9441,13938,56278,141367,290976,45337,106011,76738,27514,31304,46706,93142,5706,34897,113887,31563,32282,4912,40502,3683,29886,10272,125401,17756,45178,90383,160400,5460,177485,161442,187867,110466
2008,2102,74931,263152,52478,23264,9635,14132,57665,144391,297123,46112,108310,78622,27972,32436,48146,96052,5844,35853,117751,31998,32874,5020,41388,3724,30695,10440,128619,18162,46573,92375,164798,5566,183370,165382,194682,112190
2009,2176,77451,272340,53736,23905,9811,14250,59119,147292,303280,46856,110543,80539,28383,33665,49565,98860,6004,36897,121682,32430,33592,5133,42365,3765,31446,10597,131712,18715,48039,94338,169366,5673,189289,169256,201622,114129
2010,2233,79822,281338,54956,24453,9998,14385,61178,150078,308994,47533,112682,82126,28770,34926,50870,101509,6149,37865,125473,32869,34271,5236,43353,3812,32208,10744,134712,19211,49443,96187,173992,5757,195434,173169,208379,116145
2011,2275,81791,289390,56230,24913,10175,14530,62740,152510,314250,48117,114649,83551,29150,36127,52050,103829,6262,38811,129036,33262,34950,5321,44202,3846,32880,10905,137197,19577,50635,97835,178206,5839,201036,176995,214939,117981
2012,2308,82889,294553,57102,25312,10316,14715,63462,154184,317781,48539,116187,84636,29388,37105,52896,105673,6352,39452,131698,33556,35572,5360,44816,3870,33424,11002,138591,19782,51454,99091,180796,5886,205511,180616,221191,119332
2013,2322,83108,296434,57471,25644,10414,14745,63870,154871,319891,48688,117202,85348,29478,37744,53270,106731,6380,39747,133213,33656,35855,5375,45024,3878,33834,11037,138899,19804,51740,99458,181564,5903,207785,182689,226068,119673
2014,2323,83133,296729,57559,25794,10450,14761,64005,155016,320514,48724,117578,85575,29498,37932,53349,107054,6384,39828,133767,33667,35918,5380,45047,3879,34029,11043,138932,19805,51776,99476,181614,5908,208347,183090,227696,119724
2015,2323,83136,296741,57565,25797,10451,14766,64011,155017,320545,48726,117625,85583,29498,37944,53351,107068,6384,39829,133799,33667,35919,5380,45048,3879,34036,11043,138932,19805,51776,99476,181614,5908,208350,183092,227702,119724
2016,2323,83136,296741,57565,25797,10451,14766,64011,155017,320545,48726,117626,85583,29498,37944,53351,107068,6384,39829,133799,33667,35919,5380,45048,3879,34036,11043,138932,19805,51776,99476,181614,5908,208351,183093,227702,119724
2017,2323,83136,296741,57565,25797,10451,14766,64011,155017,320545,48726,117626,85583,29498,37944,53352,107068,6384,39829,133799,33667,35919,5380,45048,3879,34036,11043,138932,19805,51776,99476,181614,5908,208351,183093,227702,119724
2018,2323,83136,296741,57565,25797,10451,14766,64011,155017,320545,48726,117626,85583,29498,37944,53352,107068,6384,39829,133799,33667,35919,5380,45048,3879,34036,11043,138932,19805,51776,99476,181614,5908,208351,183094,227702,119724
2020,2323,83136,296741,57565,25797,10451,14766,64011,155017,320545,48726,117626,85583,29498,37945,53352,107068,6384,39829,133799,33667,35919,5380,45048,3879,34036,11043,138932,19806,51776,99476,181614,5908,208351,183094,227702,119724
